{
    "average_accuracy_mean": [
        99.7692642211914,
        97.66410827636719,
        85.51300048828125,
        65.04767608642578,
        59.84712600708008
    ],
    "average_accuracy_std": [
        0.0,
        0.0,
        0.0,
        0.0,
        0.0
    ],
    "average_incremental_accuracy_mean": [
        99.7692642211914,
        98.71669006347656,
        94.31546020507812,
        86.9985122680664,
        81.5682373046875
    ],
    "average_incremental_accuracy_std": [
        0.0,
        0.0,
        0.0,
        0.0,
        0.0
    ],
    "forgetting_measure_mean": [
        0.0,
        3.737884521484375,
        21.156368255615234,
        46.18647003173828,
        49.878623962402344
    ],
    "forgetting_measure_std": [
        0.0,
        0.0,
        0.0,
        0.0,
        0.0
    ],
    "backward_transfer_mean": [
        0.0,
        -3.737884521484375,
        -21.156368255615234,
        -46.18647384643555,
        -49.878623962402344
    ],
    "backward_transfer_std": [
        0.0,
        0.0,
        0.0,
        0.0,
        0.0
    ],
    "average_final_accuracy": [
        59.84712600708008
    ]
}