{
    "average_accuracy_mean": [
        100.0,
        78.4791259765625,
        83.36275482177734,
        67.23505401611328,
        62.37553787231445
    ],
    "average_accuracy_std": [
        0.0,
        0.0,
        0.0,
        0.0,
        0.0
    ],
    "average_incremental_accuracy_mean": [
        100.0,
        89.23956298828125,
        87.28063201904297,
        82.26923370361328,
        78.29048919677734
    ],
    "average_incremental_accuracy_std": [
        0.0,
        0.0,
        0.0,
        0.0,
        0.0
    ],
    "forgetting_measure_mean": [
        0.0,
        43.041748046875,
        24.904321670532227,
        43.65222930908203,
        46.89336395263672
    ],
    "forgetting_measure_std": [
        0.0,
        0.0,
        0.0,
        0.0,
        0.0
    ],
    "backward_transfer_mean": [
        0.0,
        -43.041748046875,
        -24.904321670532227,
        -43.6522331237793,
        -46.89336395263672
    ],
    "backward_transfer_std": [
        0.0,
        0.0,
        0.0,
        0.0,
        0.0
    ],
    "average_final_accuracy": [
        62.37553787231445
    ]
}