{
    "average_accuracy_mean": [
        99.94972229003906,
        58.8087158203125,
        78.0162582397461,
        65.10488891601562,
        67.67399597167969
    ],
    "average_accuracy_std": [
        0.0,
        0.0,
        0.0,
        0.0,
        0.0
    ],
    "average_incremental_accuracy_mean": [
        99.94972229003906,
        79.37921905517578,
        78.92489624023438,
        75.46989440917969,
        73.91072082519531
    ],
    "average_incremental_accuracy_std": [
        0.0,
        0.0,
        0.0,
        0.0,
        0.0
    ],
    "forgetting_measure_mean": [
        0.0,
        82.10155487060547,
        32.78604507446289,
        46.36470413208008,
        40.2601432800293
    ],
    "forgetting_measure_std": [
        0.0,
        0.0,
        0.0,
        0.0,
        0.0
    ],
    "backward_transfer_mean": [
        0.0,
        -82.10155487060547,
        -32.78604507446289,
        -46.36470413208008,
        -40.2601432800293
    ],
    "backward_transfer_std": [
        0.0,
        0.0,
        0.0,
        0.0,
        0.0
    ],
    "average_final_accuracy": [
        67.67399597167969
    ]
}