{
    "average_accuracy_mean": [
        99.84477996826172,
        89.50894165039062,
        80.45317077636719,
        74.8365707397461,
        69.94229125976562
    ],
    "average_accuracy_std": [
        0.09508492797613144,
        8.038307189941406,
        8.005349159240723,
        4.143674850463867,
        5.915071487426758
    ],
    "average_incremental_accuracy_mean": [
        99.84477996826172,
        94.67686462402344,
        89.93563079833984,
        86.1608657836914,
        82.91715240478516
    ],
    "average_incremental_accuracy_std": [
        0.09508492797613144,
        4.006775856018066,
        4.278024673461914,
        2.9653093814849854,
        2.6186161041259766
    ],
    "forgetting_measure_mean": [
        0.0,
        20.67245864868164,
        29.078731536865234,
        33.33429718017578,
        37.348175048828125
    ],
    "forgetting_measure_std": [
        0.0,
        16.099214553833008,
        11.995830535888672,
        5.53706693649292,
        7.36179780960083
    ],
    "backward_transfer_mean": [
        0.0,
        -20.67245864868164,
        -29.078731536865234,
        -33.33429718017578,
        -37.348175048828125
    ],
    "backward_transfer_std": [
        0.0,
        16.099214553833008,
        11.995830535888672,
        5.5370659828186035,
        7.3617987632751465
    ],
    "average_final_accuracy": [
        74.84229278564453,
        70.72563171386719,
        75.61331176757812,
        66.6237564086914,
        75.28964233398438,
        71.71672821044922,
        76.56825256347656,
        59.74094772338867,
        63.758201599121094,
        64.54420471191406
    ]
}