{
    "average_accuracy_mean": [
        100.0,
        98.85694885253906,
        71.75995635986328,
        62.243675231933594,
        69.10469818115234
    ],
    "average_accuracy_std": [
        0.0,
        0.0,
        0.0,
        0.0,
        0.0
    ],
    "average_incremental_accuracy_mean": [
        100.0,
        99.42847442626953,
        90.20563507080078,
        83.21514892578125,
        80.39305877685547
    ],
    "average_incremental_accuracy_std": [
        0.0,
        0.0,
        0.0,
        0.0,
        0.0
    ],
    "forgetting_measure_mean": [
        0.0,
        2.2365798950195312,
        42.310325622558594,
        50.29216384887695,
        38.556148529052734
    ],
    "forgetting_measure_std": [
        0.0,
        0.0,
        0.0,
        0.0,
        0.0
    ],
    "backward_transfer_mean": [
        0.0,
        -2.2365798950195312,
        -42.310325622558594,
        -50.29216384887695,
        -38.55614471435547
    ],
    "backward_transfer_std": [
        0.0,
        0.0,
        0.0,
        0.0,
        0.0
    ],
    "average_final_accuracy": [
        69.10469818115234
    ]
}