{
    "average_accuracy_mean": [
        99.70281982421875,
        76.47360229492188,
        77.316650390625,
        75.12664794921875,
        60.9124755859375
    ],
    "average_accuracy_std": [
        0.0,
        0.0,
        0.0,
        0.0,
        0.0
    ],
    "average_incremental_accuracy_mean": [
        99.70281982421875,
        88.08821105957031,
        84.49768829345703,
        82.1549301147461,
        77.90644073486328
    ],
    "average_incremental_accuracy_std": [
        0.0,
        0.0,
        0.0,
        0.0,
        0.0
    ],
    "forgetting_measure_mean": [
        0.0,
        46.7062873840332,
        33.774444580078125,
        32.9641227722168,
        48.67186737060547
    ],
    "forgetting_measure_std": [
        0.0,
        0.0,
        0.0,
        0.0,
        0.0
    ],
    "backward_transfer_mean": [
        0.0,
        -46.7062873840332,
        -33.774444580078125,
        -32.9641227722168,
        -48.67186737060547
    ],
    "backward_transfer_std": [
        0.0,
        0.0,
        0.0,
        0.0,
        0.0
    ],
    "average_final_accuracy": [
        60.9124755859375
    ]
}