{
    "average_accuracy_mean": [
        99.87065887451172,
        83.90972900390625,
        77.30857849121094,
        72.04240417480469,
        66.32354736328125
    ],
    "average_accuracy_std": [
        0.09054610878229141,
        9.965351104736328,
        7.146238327026367,
        7.299806118011475,
        4.244317054748535
    ],
    "average_incremental_accuracy_mean": [
        99.87065887451172,
        91.89019775390625,
        87.02965545654297,
        83.2828369140625,
        79.89098358154297
    ],
    "average_incremental_accuracy_std": [
        0.09054610878229141,
        4.956433296203613,
        4.98418664932251,
        3.8934435844421387,
        3.440631866455078
    ],
    "forgetting_measure_mean": [
        0.0,
        31.928619384765625,
        33.817691802978516,
        37.08647537231445,
        41.93326950073242
    ],
    "forgetting_measure_std": [
        0.0,
        19.994464874267578,
        10.75733470916748,
        9.753779411315918,
        5.317473411560059
    ],
    "backward_transfer_mean": [
        0.0,
        -31.928619384765625,
        -33.817691802978516,
        -37.08647537231445,
        -41.93326950073242
    ],
    "backward_transfer_std": [
        0.0,
        19.994464874267578,
        10.75733470916748,
        9.753780364990234,
        5.317473888397217
    ],
    "average_final_accuracy": [
        59.01671600341797,
        68.17500305175781,
        69.56453704833984,
        67.58592987060547,
        67.99463653564453,
        69.13478088378906,
        66.62203216552734,
        70.69223022460938,
        66.08111572265625,
        58.36842727661133
    ]
}