{
    "average_accuracy_mean": [
        99.79674530029297,
        85.36029815673828,
        70.5289306640625,
        64.27075958251953,
        58.197303771972656
    ],
    "average_accuracy_std": [
        0.0,
        0.0,
        0.0,
        0.0,
        0.0
    ],
    "average_incremental_accuracy_mean": [
        99.79674530029297,
        92.57852172851562,
        85.2286605834961,
        79.98918151855469,
        75.63080596923828
    ],
    "average_incremental_accuracy_std": [
        0.0,
        0.0,
        0.0,
        0.0,
        0.0
    ],
    "forgetting_measure_mean": [
        0.0,
        28.861785888671875,
        43.882423400878906,
        47.406272888183594,
        51.95327377319336
    ],
    "forgetting_measure_std": [
        0.0,
        0.0,
        0.0,
        0.0,
        0.0
    ],
    "backward_transfer_mean": [
        0.0,
        -28.861785888671875,
        -43.882423400878906,
        -47.40626907348633,
        -51.953269958496094
    ],
    "backward_transfer_std": [
        0.0,
        0.0,
        0.0,
        0.0,
        0.0
    ],
    "average_final_accuracy": [
        58.197303771972656
    ]
}