{
    "average_accuracy_mean": [
        99.80684661865234,
        83.14598846435547,
        75.51791381835938,
        65.62857055664062,
        66.23158264160156
    ],
    "average_accuracy_std": [
        0.2169460952281952,
        8.954496383666992,
        6.509822368621826,
        4.927759170532227,
        3.5878171920776367
    ],
    "average_incremental_accuracy_mean": [
        99.80684661865234,
        91.4764175415039,
        86.15692138671875,
        81.02482604980469,
        78.06617736816406
    ],
    "average_incremental_accuracy_std": [
        0.2169460952281952,
        4.421868324279785,
        4.099743366241455,
        3.2828428745269775,
        3.1341371536254883
    ],
    "forgetting_measure_mean": [
        0.0,
        33.21627426147461,
        36.33946990966797,
        45.47880935668945,
        41.90238952636719
    ],
    "forgetting_measure_std": [
        0.0,
        17.998926162719727,
        9.851566314697266,
        6.606980800628662,
        4.5015435218811035
    ],
    "backward_transfer_mean": [
        0.0,
        -33.21627426147461,
        -36.33946990966797,
        -45.47880935668945,
        -41.90239334106445
    ],
    "backward_transfer_std": [
        0.0,
        17.998926162719727,
        9.851566314697266,
        6.60698127746582,
        4.501543998718262
    ],
    "average_final_accuracy": [
        61.96113967895508,
        67.65161895751953,
        66.1137466430664,
        64.05998992919922,
        69.78958892822266,
        64.86430358886719,
        62.32286834716797,
        64.70950317382812,
        73.85912322998047,
        66.9839096069336
    ]
}