{
    "average_accuracy_mean": [
        100.0,
        71.91558837890625,
        82.67887115478516,
        66.49828338623047,
        68.23435974121094
    ],
    "average_accuracy_std": [
        0.0,
        0.0,
        0.0,
        0.0,
        0.0
    ],
    "average_incremental_accuracy_mean": [
        100.0,
        85.95779418945312,
        84.86481475830078,
        80.27318572998047,
        77.86542510986328
    ],
    "average_incremental_accuracy_std": [
        0.0,
        0.0,
        0.0,
        0.0,
        0.0
    ],
    "forgetting_measure_mean": [
        0.0,
        56.0080451965332,
        25.876766204833984,
        44.5682487487793,
        39.61863708496094
    ],
    "forgetting_measure_std": [
        0.0,
        0.0,
        0.0,
        0.0,
        0.0
    ],
    "backward_transfer_mean": [
        0.0,
        -56.0080451965332,
        -25.876766204833984,
        -44.5682487487793,
        -39.61863708496094
    ],
    "backward_transfer_std": [
        0.0,
        0.0,
        0.0,
        0.0,
        0.0
    ],
    "average_final_accuracy": [
        68.23435974121094
    ]
}