{
    "average_accuracy_mean": [
        99.6443099975586,
        76.95213317871094,
        75.80619049072266,
        77.20301818847656,
        60.322166442871094
    ],
    "average_accuracy_std": [
        0.0,
        0.0,
        0.0,
        0.0,
        0.0
    ],
    "average_incremental_accuracy_mean": [
        99.6443099975586,
        88.2982177734375,
        84.13420867919922,
        82.40141296386719,
        77.98555755615234
    ],
    "average_incremental_accuracy_std": [
        0.0,
        0.0,
        0.0,
        0.0,
        0.0
    ],
    "forgetting_measure_mean": [
        0.0,
        45.57926940917969,
        35.917118072509766,
        30.146909713745117,
        49.272369384765625
    ],
    "forgetting_measure_std": [
        0.0,
        0.0,
        0.0,
        0.0,
        0.0
    ],
    "backward_transfer_mean": [
        0.0,
        -45.57926940917969,
        -35.917118072509766,
        -30.14691162109375,
        -49.27237319946289
    ],
    "backward_transfer_std": [
        0.0,
        0.0,
        0.0,
        0.0,
        0.0
    ],
    "average_final_accuracy": [
        60.322166442871094
    ]
}