{
    "average_accuracy_mean": [
        99.83619689941406,
        83.85264587402344,
        74.53123474121094,
        71.4248046875,
        65.4652099609375
    ],
    "average_accuracy_std": [
        0.17389041185379028,
        8.533323287963867,
        8.723787307739258,
        5.774764537811279,
        3.3786556720733643
    ],
    "average_incremental_accuracy_mean": [
        99.83619689941406,
        91.84442138671875,
        86.07335662841797,
        82.41121673583984,
        79.02201843261719
    ],
    "average_incremental_accuracy_std": [
        0.17389041185379028,
        4.239502906799316,
        2.906933546066284,
        2.2047641277313232,
        2.1555533409118652
    ],
    "forgetting_measure_mean": [
        0.0,
        31.816431045532227,
        37.892913818359375,
        37.79783630371094,
        42.91002655029297
    ],
    "forgetting_measure_std": [
        0.0,
        17.078157424926758,
        13.057948112487793,
        7.759824752807617,
        4.231797695159912
    ],
    "backward_transfer_mean": [
        0.0,
        -31.816431045532227,
        -37.892913818359375,
        -37.7978401184082,
        -42.91002655029297
    ],
    "backward_transfer_std": [
        0.0,
        17.078157424926758,
        13.057948112487793,
        7.759825229644775,
        4.231797695159912
    ],
    "average_final_accuracy": [
        70.23292541503906,
        64.3633804321289,
        65.0634536743164,
        68.32674407958984,
        62.41411590576172,
        59.730186462402344,
        64.7493667602539,
        66.08382415771484,
        70.27519989013672,
        63.412864685058594
    ]
}