{
    "average_accuracy_mean": [
        99.90059661865234,
        91.97315979003906,
        86.84063720703125,
        78.34959411621094,
        68.0416030883789
    ],
    "average_accuracy_std": [
        0.0,
        0.0,
        0.0,
        0.0,
        0.0
    ],
    "average_incremental_accuracy_mean": [
        99.90059661865234,
        95.93687438964844,
        92.90479278564453,
        89.2659912109375,
        85.0211181640625
    ],
    "average_incremental_accuracy_std": [
        0.0,
        0.0,
        0.0,
        0.0,
        0.0
    ],
    "forgetting_measure_mean": [
        0.0,
        15.954277038574219,
        19.63779067993164,
        28.7831974029541,
        39.87266159057617
    ],
    "forgetting_measure_std": [
        0.0,
        0.0,
        0.0,
        0.0,
        0.0
    ],
    "backward_transfer_mean": [
        0.0,
        -15.954277038574219,
        -19.63779067993164,
        -28.78319549560547,
        -39.87266159057617
    ],
    "backward_transfer_std": [
        0.0,
        0.0,
        0.0,
        0.0,
        0.0
    ],
    "average_final_accuracy": [
        68.0416030883789
    ]
}