{
    "average_accuracy_mean": [
        99.53853607177734,
        98.55924987792969,
        81.06645965576172,
        81.5051498413086,
        68.26974487304688
    ],
    "average_accuracy_std": [
        0.0,
        0.0,
        0.0,
        0.0,
        0.0
    ],
    "average_incremental_accuracy_mean": [
        99.53853607177734,
        99.04888916015625,
        93.05474853515625,
        90.16735076904297,
        85.78783416748047
    ],
    "average_incremental_accuracy_std": [
        0.0,
        0.0,
        0.0,
        0.0,
        0.0
    ],
    "forgetting_measure_mean": [
        0.0,
        2.1688995361328125,
        27.99042510986328,
        24.35266876220703,
        39.420021057128906
    ],
    "forgetting_measure_std": [
        0.0,
        0.0,
        0.0,
        0.0,
        0.0
    ],
    "backward_transfer_mean": [
        0.0,
        -2.1688995361328125,
        -27.99042510986328,
        -24.35266876220703,
        -39.420021057128906
    ],
    "backward_transfer_std": [
        0.0,
        0.0,
        0.0,
        0.0,
        0.0
    ],
    "average_final_accuracy": [
        68.26974487304688
    ]
}