{
    "average_accuracy_mean": [
        99.74593353271484,
        74.33526611328125,
        73.2371597290039,
        67.12232971191406,
        72.91606903076172
    ],
    "average_accuracy_std": [
        0.0,
        0.0,
        0.0,
        0.0,
        0.0
    ],
    "average_incremental_accuracy_mean": [
        99.74593353271484,
        87.04060363769531,
        82.439453125,
        78.61016845703125,
        77.47135162353516
    ],
    "average_incremental_accuracy_std": [
        0.0,
        0.0,
        0.0,
        0.0,
        0.0
    ],
    "forgetting_measure_mean": [
        0.0,
        50.91463088989258,
        39.86762237548828,
        43.635868072509766,
        33.61624526977539
    ],
    "forgetting_measure_std": [
        0.0,
        0.0,
        0.0,
        0.0,
        0.0
    ],
    "backward_transfer_mean": [
        0.0,
        -50.91463088989258,
        -39.86762237548828,
        -43.6358642578125,
        -33.616241455078125
    ],
    "backward_transfer_std": [
        0.0,
        0.0,
        0.0,
        0.0,
        0.0
    ],
    "average_final_accuracy": [
        72.91606903076172
    ]
}