{
    "average_accuracy_mean": [
        99.89837646484375,
        78.2099609375,
        68.15762329101562,
        63.29974365234375,
        61.67462921142578
    ],
    "average_accuracy_std": [
        0.0,
        0.0,
        0.0,
        0.0,
        0.0
    ],
    "average_incremental_accuracy_mean": [
        99.89837646484375,
        89.05416870117188,
        82.08865356445312,
        77.39142608642578,
        74.24806213378906
    ],
    "average_incremental_accuracy_std": [
        0.0,
        0.0,
        0.0,
        0.0,
        0.0
    ],
    "forgetting_measure_mean": [
        0.0,
        42.83536911010742,
        47.345062255859375,
        48.6546745300293,
        47.458892822265625
    ],
    "forgetting_measure_std": [
        0.0,
        0.0,
        0.0,
        0.0,
        0.0
    ],
    "backward_transfer_mean": [
        0.0,
        -42.83536911010742,
        -47.345062255859375,
        -48.6546745300293,
        -47.458892822265625
    ],
    "backward_transfer_std": [
        0.0,
        0.0,
        0.0,
        0.0,
        0.0
    ],
    "average_final_accuracy": [
        61.67462921142578
    ]
}