{
    "average_accuracy_mean": [
        99.9197006225586,
        90.69403076171875,
        78.85038757324219,
        76.00980377197266,
        68.38129425048828
    ],
    "average_accuracy_std": [
        0.11073896288871765,
        9.26624584197998,
        7.523229598999023,
        11.151496887207031,
        5.808507919311523
    ],
    "average_incremental_accuracy_mean": [
        99.9197006225586,
        95.3068618774414,
        89.82136535644531,
        86.36848449707031,
        82.77104187011719
    ],
    "average_incremental_accuracy_std": [
        0.11073896288871765,
        4.633838176727295,
        4.382093906402588,
        3.949463367462158,
        2.9960687160491943
    ],
    "forgetting_measure_mean": [
        0.0,
        18.466758728027344,
        31.57730484008789,
        31.865081787109375,
        39.421852111816406
    ],
    "forgetting_measure_std": [
        0.0,
        18.543556213378906,
        11.273859024047852,
        14.8434476852417,
        7.260601997375488
    ],
    "backward_transfer_mean": [
        0.0,
        -18.466758728027344,
        -31.57730484008789,
        -31.865081787109375,
        -39.421852111816406
    ],
    "backward_transfer_std": [
        0.0,
        18.543556213378906,
        11.273859024047852,
        14.843446731567383,
        7.260602951049805
    ],
    "average_final_accuracy": [
        71.80718231201172,
        74.16132354736328,
        69.19107818603516,
        70.48265075683594,
        61.520057678222656,
        78.01719665527344,
        63.3912353515625,
        60.14766311645508,
        64.43115234375,
        70.66336059570312
    ]
}