{
    "average_accuracy_mean": [
        99.892822265625,
        91.05650329589844,
        82.89862060546875,
        71.2964859008789,
        87.04019927978516
    ],
    "average_accuracy_std": [
        0.0,
        0.0,
        0.0,
        0.0,
        0.0
    ],
    "average_incremental_accuracy_mean": [
        99.892822265625,
        95.47466278076172,
        91.28265380859375,
        86.2861099243164,
        86.43692016601562
    ],
    "average_incremental_accuracy_std": [
        0.0,
        0.0,
        0.0,
        0.0,
        0.0
    ],
    "forgetting_measure_mean": [
        0.0,
        17.47052764892578,
        25.368423461914062,
        37.928436279296875,
        15.942567825317383
    ],
    "forgetting_measure_std": [
        0.0,
        0.0,
        0.0,
        0.0,
        0.0
    ],
    "backward_transfer_mean": [
        0.0,
        -17.47052764892578,
        -25.368423461914062,
        -37.928436279296875,
        -15.942567825317383
    ],
    "backward_transfer_std": [
        0.0,
        0.0,
        0.0,
        0.0,
        0.0
    ],
    "average_final_accuracy": [
        87.04019927978516
    ]
}