{
    "average_accuracy_mean": [
        99.44751739501953,
        81.79370880126953,
        69.2264633178711,
        73.96712493896484,
        60.813438415527344
    ],
    "average_accuracy_std": [
        0.0,
        0.0,
        0.0,
        0.0,
        0.0
    ],
    "average_incremental_accuracy_mean": [
        99.44751739501953,
        90.62061309814453,
        83.48922729492188,
        81.10870361328125,
        77.04965209960938
    ],
    "average_incremental_accuracy_std": [
        0.0,
        0.0,
        0.0,
        0.0,
        0.0
    ],
    "forgetting_measure_mean": [
        0.0,
        35.71070098876953,
        45.62477493286133,
        34.31775665283203,
        48.59972381591797
    ],
    "forgetting_measure_std": [
        0.0,
        0.0,
        0.0,
        0.0,
        0.0
    ],
    "backward_transfer_mean": [
        0.0,
        -35.71070098876953,
        -45.62477493286133,
        -34.3177604675293,
        -48.59972381591797
    ],
    "backward_transfer_std": [
        0.0,
        0.0,
        0.0,
        0.0,
        0.0
    ],
    "average_final_accuracy": [
        60.813438415527344
    ]
}