{
    "average_accuracy_mean": [
        99.59819030761719,
        75.56526184082031,
        84.8697509765625,
        72.554443359375,
        68.04576110839844
    ],
    "average_accuracy_std": [
        0.0,
        0.0,
        0.0,
        0.0,
        0.0
    ],
    "average_incremental_accuracy_mean": [
        99.59819030761719,
        87.58172607421875,
        86.677734375,
        83.14691162109375,
        80.1266860961914
    ],
    "average_incremental_accuracy_std": [
        0.0,
        0.0,
        0.0,
        0.0,
        0.0
    ],
    "forgetting_measure_mean": [
        0.0,
        48.417877197265625,
        22.377277374267578,
        36.346290588378906,
        39.718849182128906
    ],
    "forgetting_measure_std": [
        0.0,
        0.0,
        0.0,
        0.0,
        0.0
    ],
    "backward_transfer_mean": [
        0.0,
        -48.417877197265625,
        -22.377277374267578,
        -36.346290588378906,
        -39.718849182128906
    ],
    "backward_transfer_std": [
        0.0,
        0.0,
        0.0,
        0.0,
        0.0
    ],
    "average_final_accuracy": [
        68.04576110839844
    ]
}