{
    "average_accuracy_mean": [
        99.94845581054688,
        92.70516967773438,
        76.92147064208984,
        66.64716339111328,
        64.41802978515625
    ],
    "average_accuracy_std": [
        0.0,
        0.0,
        0.0,
        0.0,
        0.0
    ],
    "average_incremental_accuracy_mean": [
        99.94845581054688,
        96.32681274414062,
        89.85836791992188,
        84.0555648803711,
        80.12805938720703
    ],
    "average_incremental_accuracy_std": [
        0.0,
        0.0,
        0.0,
        0.0,
        0.0
    ],
    "forgetting_measure_mean": [
        0.0,
        14.484535217285156,
        34.54069900512695,
        44.34213638305664,
        44.36865997314453
    ],
    "forgetting_measure_std": [
        0.0,
        0.0,
        0.0,
        0.0,
        0.0
    ],
    "backward_transfer_mean": [
        0.0,
        -14.484535217285156,
        -34.54069900512695,
        -44.34213638305664,
        -44.36865997314453
    ],
    "backward_transfer_std": [
        0.0,
        0.0,
        0.0,
        0.0,
        0.0
    ],
    "average_final_accuracy": [
        64.41802978515625
    ]
}