{
    "average_accuracy_mean": [
        75.44999694824219,
        75.5250015258789,
        75.94999694824219,
        74.375,
        74.68000793457031,
        74.125,
        72.67142486572266,
        72.54374694824219,
        71.20555114746094,
        71.26499938964844,
        71.8272705078125,
        72.23750305175781,
        71.33846282958984,
        70.93928527832031,
        71.58000183105469,
        71.31562805175781,
        71.41764831542969,
        71.41944885253906,
        71.0131607055664,
        69.98750305175781,
        70.22618865966797,
        70.13408660888672,
        70.3891372680664,
        69.69583892822266,
        69.55199432373047
    ],
    "average_accuracy_std": [
        8.274626731872559,
        5.442183494567871,
        7.105923175811768,
        4.643917560577393,
        3.508657217025757,
        2.2652945518493652,
        1.9299532175064087,
        2.0183725357055664,
        3.0744152069091797,
        2.9834773540496826,
        3.0755562782287598,
        2.344554901123047,
        3.790964126586914,
        2.625807046890259,
        2.0169763565063477,
        1.9203118085861206,
        1.441996693611145,
        1.7616673707962036,
        2.459872007369995,
        2.2916886806488037,
        1.4639899730682373,
        2.212445020675659,
        2.2522470951080322,
        2.5741734504699707,
        2.021379232406616
    ],
    "average_incremental_accuracy_mean": [
        75.44999694824219,
        75.48750305175781,
        75.64166259765625,
        75.32499694824219,
        75.19599914550781,
        75.01750183105469,
        74.6823501586914,
        74.41502380371094,
        74.05841827392578,
        73.7790756225586,
        73.60163879394531,
        73.48796081542969,
        73.32261657714844,
        73.15237426757812,
        73.04754638671875,
        72.9393081665039,
        72.84979248046875,
        72.77032470703125,
        72.67784881591797,
        72.5433349609375,
        72.43299865722656,
        72.3284912109375,
        72.24417877197266,
        72.13798522949219,
        72.03456115722656
    ],
    "average_incremental_accuracy_std": [
        8.274626731872559,
        5.702232360839844,
        5.652738571166992,
        5.2042555809021,
        4.570357799530029,
        3.903874397277832,
        3.3413267135620117,
        2.9312260150909424,
        2.730821132659912,
        2.5380704402923584,
        2.35032320022583,
        2.224062919616699,
        2.1755783557891846,
        2.1196000576019287,
        2.0338499546051025,
        1.9698768854141235,
        1.8987598419189453,
        1.7866533994674683,
        1.6971533298492432,
        1.6171746253967285,
        1.557186245918274,
        1.5033252239227295,
        1.4638173580169678,
        1.400370478630066,
        1.3584169149398804
    ],
    "forgetting_measure_mean": [
        0.0,
        4.900000095367432,
        5.775000095367432,
        7.466667175292969,
        7.625,
        8.190000534057617,
        9.016667366027832,
        8.842857360839844,
        10.28125,
        10.322221755981445,
        9.949999809265137,
        9.909090995788574,
        11.037500381469727,
        11.284616470336914,
        11.103571891784668,
        11.33666706085205,
        11.034375190734863,
        11.288235664367676,
        11.897221565246582,
        13.00526237487793,
        12.912500381469727,
        12.769047737121582,
        12.572728157043457,
        13.441304206848145,
        13.456250190734863
    ],
    "forgetting_measure_std": [
        0.0,
        3.5260932445526123,
        4.311563968658447,
        2.691779851913452,
        3.123610734939575,
        2.1542980670928955,
        2.0708141326904297,
        1.3035794496536255,
        1.6121958494186401,
        1.9678137302398682,
        2.4388067722320557,
        2.0673909187316895,
        3.3258278369903564,
        2.0631227493286133,
        1.4173617362976074,
        1.5118013620376587,
        1.0077229738235474,
        1.9196066856384277,
        2.2443363666534424,
        2.3821499347686768,
        1.490676999092102,
        2.329444408416748,
        2.2043190002441406,
        2.8065481185913086,
        2.1100475788116455
    ],
    "backward_transfer_mean": [
        0.0,
        -4.300000190734863,
        -4.925000190734863,
        -6.733333587646484,
        -7.025000095367432,
        -7.569999694824219,
        -8.425000190734863,
        -8.271429061889648,
        -9.756250381469727,
        -9.716667175292969,
        -9.295000076293945,
        -9.145454406738281,
        -10.279167175292969,
        -10.55769157409668,
        -10.214284896850586,
        -10.44666576385498,
        -10.115625381469727,
        -10.34117603302002,
        -10.947221755981445,
        -12.039473533630371,
        -11.980000495910645,
        -11.850000381469727,
        -11.663637161254883,
        -12.539129257202148,
        -12.554166793823242
    ],
    "backward_transfer_std": [
        0.0,
        4.58984375,
        4.759566307067871,
        3.1448566913604736,
        3.377211093902588,
        2.5957446098327637,
        2.539943218231201,
        1.6590983867645264,
        1.8414710760116577,
        2.2617547512054443,
        2.5250356197357178,
        2.2721009254455566,
        3.6055002212524414,
        2.2315242290496826,
        1.5993196964263916,
        1.4117845296859741,
        1.0587197542190552,
        1.8133385181427002,
        2.0462522506713867,
        2.2961103916168213,
        1.5213205814361572,
        2.248373508453369,
        2.0685231685638428,
        2.7574493885040283,
        2.086090564727783
    ],
    "average_final_accuracy": [
        68.9800033569336,
        69.27999877929688,
        69.68000030517578,
        70.95999908447266,
        70.44000244140625,
        69.58000183105469,
        65.54000091552734,
        69.45999908447266,
        68.12000274658203,
        73.4800033569336
    ]
}