{
    "average_accuracy_mean": [
        52.212501525878906,
        47.525001525878906,
        45.24583053588867,
        43.19062423706055,
        42.51749801635742,
        41.74791717529297,
        39.92321014404297
    ],
    "average_accuracy_std": [
        8.415645599365234,
        5.966355323791504,
        4.46135950088501,
        4.517914772033691,
        2.8105709552764893,
        2.756699562072754,
        2.0108485221862793
    ],
    "average_incremental_accuracy_mean": [
        52.212501525878906,
        49.868751525878906,
        48.32777786254883,
        47.043487548828125,
        46.1382942199707,
        45.40656280517578,
        44.62322998046875
    ],
    "average_incremental_accuracy_std": [
        8.415645599365234,
        6.692768096923828,
        5.459121227264404,
        5.046364784240723,
        4.478257179260254,
        4.042667388916016,
        3.4957480430603027
    ],
    "forgetting_measure_mean": [
        0.0,
        8.0625,
        10.512499809265137,
        13.82500171661377,
        14.484375,
        15.817499160766602,
        17.587499618530273
    ],
    "forgetting_measure_std": [
        0.0,
        4.227575778961182,
        1.48306405544281,
        3.652846574783325,
        2.672529697418213,
        3.042158603668213,
        2.402472734451294
    ],
    "backward_transfer_mean": [
        0.0,
        -8.0625,
        -10.512499809265137,
        -13.775001525878906,
        -14.309374809265137,
        -15.644998550415039,
        -17.443750381469727
    ],
    "backward_transfer_std": [
        0.0,
        4.227575778961182,
        1.48306405544281,
        3.757307767868042,
        3.0138370990753174,
        3.2292888164520264,
        2.4017748832702637
    ],
    "average_final_accuracy": [
        40.60714340209961,
        37.73214340209961,
        39.71428680419922,
        42.23214340209961,
        37.89285659790039,
        43.80356979370117,
        39.08928680419922,
        38.80356979370117,
        41.17856979370117,
        38.17856979370117
    ]
}