{
    "average_accuracy_mean": [
        71.07499694824219,
        63.400001525878906,
        59.0,
        56.83124923706055,
        55.44000244140625,
        56.37083053588867,
        55.71071243286133,
        54.15625,
        54.35277557373047,
        53.51250076293945,
        51.811363220214844,
        51.78333282470703,
        51.611541748046875
    ],
    "average_accuracy_std": [
        11.52596664428711,
        8.943262100219727,
        8.293144226074219,
        6.857303619384766,
        5.618460655212402,
        5.6243462562561035,
        4.5555419921875,
        3.894719123840332,
        4.12701416015625,
        2.8997433185577393,
        1.3534151315689087,
        2.0661137104034424,
        1.6395175457000732
    ],
    "average_incremental_accuracy_mean": [
        71.07499694824219,
        67.23750305175781,
        64.49166870117188,
        62.576560974121094,
        61.14925003051758,
        60.35284423828125,
        59.6896858215332,
        58.99800491333008,
        58.48186492919922,
        57.98493576049805,
        57.42369842529297,
        56.95366668701172,
        56.5427360534668
    ],
    "average_incremental_accuracy_std": [
        11.52596664428711,
        9.426884651184082,
        8.611111640930176,
        7.6906819343566895,
        7.142581939697266,
        6.735046863555908,
        6.278563022613525,
        5.830759525299072,
        5.512796878814697,
        5.152878284454346,
        4.744277000427246,
        4.310743808746338,
        3.957432746887207
    ],
    "forgetting_measure_mean": [
        0.0,
        6.224999904632568,
        10.0625,
        9.841666221618652,
        10.956250190734863,
        10.780000686645508,
        11.941666603088379,
        13.832143783569336,
        13.399999618530273,
        14.649999618530273,
        15.862500190734863,
        16.52272605895996,
        16.885417938232422
    ],
    "forgetting_measure_std": [
        0.0,
        4.223692893981934,
        4.071944236755371,
        2.6618735790252686,
        1.8759372234344482,
        2.685061454772949,
        3.256711959838867,
        3.169755458831787,
        3.360656261444092,
        3.5780105590820312,
        2.0476021766662598,
        2.136121988296509,
        1.7116117477416992
    ],
    "backward_transfer_mean": [
        0.0,
        -6.224999904632568,
        -10.0625,
        -9.766666412353516,
        -10.893750190734863,
        -10.719999313354492,
        -11.891666412353516,
        -13.789285659790039,
        -13.318750381469727,
        -14.561111450195312,
        -15.772499084472656,
        -16.440908432006836,
        -16.81041717529297
    ],
    "backward_transfer_std": [
        0.0,
        4.223692893981934,
        4.071944236755371,
        2.6570427417755127,
        1.8564008474349976,
        2.694871664047241,
        3.2118606567382812,
        3.1767852306365967,
        3.36246395111084,
        3.5548996925354004,
        2.020878791809082,
        2.1394026279449463,
        1.72500479221344
    ],
    "average_final_accuracy": [
        48.86538314819336,
        51.80769348144531,
        53.5,
        52.82692337036133,
        52.5,
        51.82692337036133,
        51.096153259277344,
        48.88461685180664,
        53.346153259277344,
        51.46154022216797
    ]
}