{
    "average_accuracy_mean": [
        81.55000305175781,
        79.2249984741211,
        77.96666717529297,
        77.98750305175781,
        77.63999938964844,
        76.70833587646484,
        76.6500015258789,
        76.5875015258789,
        76.06666564941406,
        76.49000549316406,
        76.21818542480469,
        75.84166717529297,
        75.49615478515625,
        74.87142944335938,
        74.7833251953125,
        74.2593765258789,
        73.87059020996094,
        73.71944427490234,
        74.0,
        73.25499725341797,
        72.86666107177734,
        73.2545394897461,
        72.62391662597656,
        72.12083435058594,
        71.65799713134766
    ],
    "average_accuracy_std": [
        9.08432674407959,
        8.011667251586914,
        6.0963454246521,
        4.3710103034973145,
        4.861914157867432,
        4.004481792449951,
        3.7670931816101074,
        3.731109857559204,
        3.1157164573669434,
        2.9809393882751465,
        2.9357824325561523,
        2.8200125694274902,
        2.7102837562561035,
        2.8571033477783203,
        2.2210693359375,
        2.6948401927948,
        2.8814260959625244,
        3.035919666290283,
        2.605396032333374,
        2.7943596839904785,
        2.5266575813293457,
        2.5689492225646973,
        3.6947007179260254,
        3.122201442718506,
        2.6870791912078857
    ],
    "average_incremental_accuracy_mean": [
        81.55000305175781,
        80.38749694824219,
        79.58055877685547,
        79.18229675292969,
        78.87383270263672,
        78.51292419433594,
        78.24678039550781,
        78.03937530517578,
        77.82018280029297,
        77.68717193603516,
        77.55362701416016,
        77.41096496582031,
        77.26366424560547,
        77.09278869628906,
        76.93882751464844,
        76.7713623046875,
        76.60072326660156,
        76.44065856933594,
        76.31219482421875,
        76.15933990478516,
        76.00254821777344,
        75.87764739990234,
        75.73617553710938,
        75.58553314208984,
        75.42843627929688
    ],
    "average_incremental_accuracy_std": [
        9.08432674407959,
        7.937571048736572,
        6.975799560546875,
        6.048482418060303,
        5.500929355621338,
        4.97924280166626,
        4.511026382446289,
        4.254763603210449,
        4.038857460021973,
        3.820242166519165,
        3.647090435028076,
        3.520123243331909,
        3.404754877090454,
        3.317263126373291,
        3.2002675533294678,
        3.109297037124634,
        3.021599531173706,
        2.9567954540252686,
        2.8789732456207275,
        2.8228096961975098,
        2.7485859394073486,
        2.698249340057373,
        2.708045482635498,
        2.6927294731140137,
        2.6615920066833496
    ],
    "forgetting_measure_mean": [
        0.0,
        4.0,
        5.875,
        6.533332824707031,
        6.849999904632568,
        8.110000610351562,
        8.808332443237305,
        8.79285717010498,
        8.8125,
        8.0,
        8.445000648498535,
        8.895454406738281,
        9.045833587646484,
        9.919231414794922,
        10.310713768005371,
        10.636667251586914,
        10.928125381469727,
        11.232352256774902,
        10.86388874053955,
        11.647369384765625,
        11.994999885559082,
        11.350000381469727,
        12.095454216003418,
        12.643478393554688,
        12.962499618530273
    ],
    "forgetting_measure_std": [
        0.0,
        2.953340768814087,
        2.4216902256011963,
        2.3488900661468506,
        3.080404043197632,
        3.3388123512268066,
        2.4708328247070312,
        2.382011651992798,
        1.5246812105178833,
        2.0836422443389893,
        1.5354063510894775,
        1.4907195568084717,
        1.6080491542816162,
        2.4844982624053955,
        1.794348120689392,
        1.8100166320800781,
        2.125206708908081,
        2.5988881587982178,
        2.1261825561523438,
        2.422584056854248,
        2.1579248905181885,
        2.209118366241455,
        3.4156131744384766,
        3.1814019680023193,
        2.7206594944000244
    ],
    "backward_transfer_mean": [
        0.0,
        -3.75,
        -5.525000095367432,
        -6.099999904632568,
        -6.425000190734863,
        -7.7699995040893555,
        -8.408332824707031,
        -8.378571510314941,
        -8.412500381469727,
        -7.644444465637207,
        -8.024999618530273,
        -8.449999809265137,
        -8.545833587646484,
        -9.380769729614258,
        -9.739286422729492,
        -10.006667137145996,
        -10.278124809265137,
        -10.56176471710205,
        -10.172223091125488,
        -10.926316261291504,
        -11.274999618530273,
        -10.60714340209961,
        -11.3659086227417,
        -11.928261756896973,
        -12.247917175292969
    ],
    "backward_transfer_std": [
        0.0,
        3.401388645172119,
        2.215632677078247,
        2.7116575241088867,
        2.9428586959838867,
        3.381666421890259,
        2.5988035202026367,
        2.6168930530548096,
        1.6129897832870483,
        2.077411413192749,
        1.6642065048217773,
        1.651786208152771,
        1.7049367427825928,
        2.4827773571014404,
        2.0117321014404297,
        1.8706176280975342,
        2.1820592880249023,
        2.6521174907684326,
        2.2786357402801514,
        2.5154125690460205,
        2.2154130935668945,
        2.2590274810791016,
        3.445120096206665,
        3.2312674522399902,
        2.8005740642547607
    ],
    "average_final_accuracy": [
        71.33999633789062,
        72.87999725341797,
        71.0199966430664,
        75.45999908447266,
        70.73999786376953,
        73.33999633789062,
        73.04000091552734,
        70.41999816894531,
        65.36000061035156,
        72.9800033569336
    ]
}