{
    "average_accuracy_mean": [
        65.17500305175781,
        62.48749923706055,
        58.87500762939453,
        58.131248474121094,
        56.345001220703125,
        56.47083282470703,
        54.21071243286133,
        54.18437576293945,
        54.383331298828125,
        54.3025016784668,
        53.44318389892578,
        52.395835876464844,
        51.494224548339844
    ],
    "average_accuracy_std": [
        7.74959659576416,
        6.066028594970703,
        4.825224876403809,
        4.7790093421936035,
        2.708571434020996,
        2.750213623046875,
        2.763312578201294,
        2.7631256580352783,
        1.7665928602218628,
        1.7217339277267456,
        2.27051043510437,
        3.255929708480835,
        3.076870918273926
    ],
    "average_incremental_accuracy_mean": [
        65.17500305175781,
        63.83124923706055,
        62.179168701171875,
        61.16718673706055,
        60.20275115966797,
        59.58076095581055,
        58.8136100769043,
        58.234962463378906,
        57.8069953918457,
        57.45655059814453,
        57.091697692871094,
        56.70037841796875,
        56.299903869628906
    ],
    "average_incremental_accuracy_std": [
        7.74959659576416,
        6.495527744293213,
        5.37465238571167,
        5.0048651695251465,
        4.353634834289551,
        4.017095565795898,
        3.7550926208496094,
        3.4938223361968994,
        3.1792802810668945,
        2.8364040851593018,
        2.637500047683716,
        2.467935085296631,
        2.290045976638794
    ],
    "forgetting_measure_mean": [
        0.0,
        8.0,
        9.262499809265137,
        10.766667366027832,
        12.0,
        11.800000190734863,
        13.858332633972168,
        14.021429061889648,
        13.678125381469727,
        13.922223091125488,
        14.892499923706055,
        15.809091567993164,
        17.04166603088379
    ],
    "forgetting_measure_std": [
        0.0,
        5.4543561935424805,
        3.7709829807281494,
        3.6193923950195312,
        3.131798267364502,
        2.2547478675842285,
        3.1064698696136475,
        3.381631374359131,
        2.0946593284606934,
        2.6340858936309814,
        2.2347023487091064,
        3.567003011703491,
        3.5328457355499268
    ],
    "backward_transfer_mean": [
        0.0,
        -7.849999904632568,
        -9.074999809265137,
        -10.533333778381348,
        -11.824999809265137,
        -11.65999984741211,
        -13.741665840148926,
        -13.921429634094238,
        -13.534375190734863,
        -13.777776718139648,
        -14.739999771118164,
        -15.670455932617188,
        -16.91458511352539
    ],
    "backward_transfer_std": [
        0.0,
        5.7132887840271,
        4.066376209259033,
        3.7340610027313232,
        3.1865875720977783,
        2.3473150730133057,
        3.1375858783721924,
        3.429183006286621,
        2.135464906692505,
        2.6765828132629395,
        2.2428340911865234,
        3.6043615341186523,
        3.6182682514190674
    ],
    "average_final_accuracy": [
        50.019229888916016,
        54.153846740722656,
        45.86538314819336,
        50.903846740722656,
        48.75,
        51.38461685180664,
        51.153846740722656,
        51.230770111083984,
        55.480770111083984,
        56.0
    ]
}