{
    "average_accuracy_mean": [
        43.29375076293945,
        43.32500076293945,
        39.614585876464844,
        37.060935974121094
    ],
    "average_accuracy_std": [
        9.627120971679688,
        8.352350234985352,
        4.584504127502441,
        2.122387170791626
    ],
    "average_incremental_accuracy_mean": [
        43.29375076293945,
        43.30937576293945,
        42.077781677246094,
        40.823570251464844
    ],
    "average_incremental_accuracy_std": [
        9.627120971679688,
        7.175868988037109,
        5.708556652069092,
        4.412107467651367
    ],
    "forgetting_measure_mean": [
        0.0,
        10.46875,
        12.256250381469727,
        14.550000190734863
    ],
    "forgetting_measure_std": [
        0.0,
        4.219174385070801,
        2.425755262374878,
        2.325636386871338
    ],
    "backward_transfer_mean": [
        0.0,
        -10.46875,
        -12.056249618530273,
        -14.083333015441895
    ],
    "backward_transfer_std": [
        0.0,
        4.219174385070801,
        2.938416004180908,
        2.9195916652679443
    ],
    "average_final_accuracy": [
        36.890625,
        37.0625,
        36.984375,
        35.796875,
        33.921875,
        35.703125,
        35.375,
        40.75,
        37.890625,
        40.234375
    ]
}