{
    "average_accuracy_mean": [
        55.431251525878906,
        42.046875,
        42.36458206176758,
        41.49531173706055
    ],
    "average_accuracy_std": [
        24.536527633666992,
        12.369503021240234,
        7.380008697509766,
        2.3839612007141113
    ],
    "average_incremental_accuracy_mean": [
        55.431251525878906,
        48.73906326293945,
        46.614234924316406,
        45.33450698852539
    ],
    "average_incremental_accuracy_std": [
        24.536527633666992,
        18.27826690673828,
        13.786296844482422,
        10.788398742675781
    ],
    "forgetting_measure_mean": [
        0.0,
        12.012499809265137,
        13.768750190734863,
        14.547917366027832
    ],
    "forgetting_measure_std": [
        0.0,
        4.377657890319824,
        4.064855098724365,
        2.901067018508911
    ],
    "backward_transfer_mean": [
        0.0,
        -12.012499809265137,
        -13.768750190734863,
        -14.364583015441895
    ],
    "backward_transfer_std": [
        0.0,
        4.377657890319824,
        4.064855098724365,
        2.9959182739257812
    ],
    "average_final_accuracy": [
        41.671875,
        46.046875,
        42.3125,
        37.84375,
        42.359375,
        40.9375,
        43.53125,
        39.6875,
        38.703125,
        41.859375
    ]
}