{
    "average_accuracy_mean": [
        56.57500076293945,
        51.01874923706055,
        48.13750457763672,
        46.537498474121094,
        45.752498626708984,
        43.99791717529297,
        41.97142791748047
    ],
    "average_accuracy_std": [
        13.245307922363281,
        9.796854019165039,
        6.00128698348999,
        5.134176254272461,
        4.25097131729126,
        2.7973523139953613,
        1.7477753162384033
    ],
    "average_incremental_accuracy_mean": [
        56.57500076293945,
        53.796875,
        51.91041946411133,
        50.56719207763672,
        49.604248046875,
        48.66986083984375,
        47.71294403076172
    ],
    "average_incremental_accuracy_std": [
        13.245307922363281,
        10.01767349243164,
        7.98995304107666,
        6.286806583404541,
        5.037230968475342,
        4.235395908355713,
        3.548151969909668
    ],
    "forgetting_measure_mean": [
        0.0,
        11.162500381469727,
        14.006250381469727,
        14.516667366027832,
        15.225000381469727,
        15.730000495910645,
        16.893749237060547
    ],
    "forgetting_measure_std": [
        0.0,
        4.570455551147461,
        3.93650221824646,
        3.2865467071533203,
        4.0323615074157715,
        3.0399608612060547,
        2.2539072036743164
    ],
    "backward_transfer_mean": [
        0.0,
        -11.162500381469727,
        -14.006250381469727,
        -14.449999809265137,
        -15.149999618530273,
        -15.649999618530273,
        -16.82291603088379
    ],
    "backward_transfer_std": [
        0.0,
        4.570455551147461,
        3.93650221824646,
        3.3997321128845215,
        4.093042373657227,
        3.0866425037384033,
        2.3198447227478027
    ],
    "average_final_accuracy": [
        43.23214340209961,
        41.32143020629883,
        41.71428680419922,
        42.0,
        41.5,
        44.21428680419922,
        40.19643020629883,
        44.25,
        42.67856979370117,
        38.60714340209961
    ]
}