{
    "average_accuracy_mean": [
        99.79664611816406,
        90.10553741455078,
        92.29483795166016,
        80.12489318847656,
        80.8073501586914
    ],
    "average_accuracy_std": [
        0.0,
        0.0,
        0.0,
        0.0,
        0.0
    ],
    "average_incremental_accuracy_mean": [
        99.79664611816406,
        94.95109558105469,
        94.065673828125,
        90.58047485351562,
        88.6258544921875
    ],
    "average_incremental_accuracy_std": [
        0.0,
        0.0,
        0.0,
        0.0,
        0.0
    ],
    "forgetting_measure_mean": [
        0.0,
        19.318763732910156,
        10.964412689208984,
        26.012126922607422,
        22.829021453857422
    ],
    "forgetting_measure_std": [
        0.0,
        0.0,
        0.0,
        0.0,
        0.0
    ],
    "backward_transfer_mean": [
        0.0,
        -19.318763732910156,
        -10.964412689208984,
        -26.01212501525879,
        -22.829021453857422
    ],
    "backward_transfer_std": [
        0.0,
        0.0,
        0.0,
        0.0,
        0.0
    ],
    "average_final_accuracy": [
        80.8073501586914
    ]
}