{
    "average_accuracy_mean": [
        98.44587707519531,
        82.90252685546875,
        73.97515106201172,
        74.48777770996094,
        92.59944152832031
    ],
    "average_accuracy_std": [
        0.0,
        0.0,
        0.0,
        0.0,
        0.0
    ],
    "average_incremental_accuracy_mean": [
        98.44587707519531,
        90.67420196533203,
        85.10784912109375,
        82.45283508300781,
        84.4821548461914
    ],
    "average_incremental_accuracy_std": [
        0.0,
        0.0,
        0.0,
        0.0,
        0.0
    ],
    "forgetting_measure_mean": [
        0.0,
        31.993576049804688,
        37.93658447265625,
        32.6627311706543,
        8.122406005859375
    ],
    "forgetting_measure_std": [
        0.0,
        0.0,
        0.0,
        0.0,
        0.0
    ],
    "backward_transfer_mean": [
        0.0,
        -31.993576049804688,
        -37.93658447265625,
        -32.6627311706543,
        -8.122406005859375
    ],
    "backward_transfer_std": [
        0.0,
        0.0,
        0.0,
        0.0,
        0.0
    ],
    "average_final_accuracy": [
        92.59944152832031
    ]
}