{
    "average_accuracy_mean": [
        99.78655242919922,
        97.38905334472656,
        86.60153198242188,
        88.8534927368164,
        74.12074279785156
    ],
    "average_accuracy_std": [
        0.0,
        0.0,
        0.0,
        0.0,
        0.0
    ],
    "average_incremental_accuracy_mean": [
        99.78655242919922,
        98.58779907226562,
        94.59237670898438,
        93.15765380859375,
        89.35026550292969
    ],
    "average_incremental_accuracy_std": [
        0.0,
        0.0,
        0.0,
        0.0,
        0.0
    ],
    "forgetting_measure_mean": [
        0.0,
        4.855926513671875,
        19.54486083984375,
        14.305794715881348,
        31.197349548339844
    ],
    "forgetting_measure_std": [
        0.0,
        0.0,
        0.0,
        0.0,
        0.0
    ],
    "backward_transfer_mean": [
        0.0,
        -4.855926513671875,
        -19.54486083984375,
        -14.305794715881348,
        -31.19734764099121
    ],
    "backward_transfer_std": [
        0.0,
        0.0,
        0.0,
        0.0,
        0.0
    ],
    "average_final_accuracy": [
        74.12074279785156
    ]
}