{
    "average_accuracy_mean": [
        99.54244995117188,
        84.58448028564453,
        91.09395599365234,
        75.31129455566406,
        86.10232543945312
    ],
    "average_accuracy_std": [
        0.0,
        0.0,
        0.0,
        0.0,
        0.0
    ],
    "average_incremental_accuracy_mean": [
        99.54244995117188,
        92.06346130371094,
        91.74029541015625,
        87.63304138183594,
        87.326904296875
    ],
    "average_incremental_accuracy_std": [
        0.0,
        0.0,
        0.0,
        0.0,
        0.0
    ],
    "forgetting_measure_mean": [
        0.0,
        29.893234252929688,
        12.48074722290039,
        32.209442138671875,
        16.24056625366211
    ],
    "forgetting_measure_std": [
        0.0,
        0.0,
        0.0,
        0.0,
        0.0
    ],
    "backward_transfer_mean": [
        0.0,
        -29.893234252929688,
        -12.48074722290039,
        -32.20943832397461,
        -16.24056625366211
    ],
    "backward_transfer_std": [
        0.0,
        0.0,
        0.0,
        0.0,
        0.0
    ],
    "average_final_accuracy": [
        86.10232543945312
    ]
}