{
    "average_accuracy_mean": [
        99.34640502929688,
        96.5179443359375,
        90.3286361694336,
        77.93179321289062,
        60.56779098510742
    ],
    "average_accuracy_std": [
        0.0,
        0.0,
        0.0,
        0.0,
        0.0
    ],
    "average_incremental_accuracy_mean": [
        99.34640502929688,
        97.93217468261719,
        95.39766693115234,
        91.03119659423828,
        84.93851470947266
    ],
    "average_incremental_accuracy_std": [
        0.0,
        0.0,
        0.0,
        0.0,
        0.0
    ],
    "forgetting_measure_mean": [
        0.0,
        5.0779266357421875,
        13.53885269165039,
        27.9412899017334,
        48.08555603027344
    ],
    "forgetting_measure_std": [
        0.0,
        0.0,
        0.0,
        0.0,
        0.0
    ],
    "backward_transfer_mean": [
        0.0,
        -5.0779266357421875,
        -13.53885269165039,
        -27.9412899017334,
        -48.0855598449707
    ],
    "backward_transfer_std": [
        0.0,
        0.0,
        0.0,
        0.0,
        0.0
    ],
    "average_final_accuracy": [
        60.56779098510742
    ]
}