{
    "average_accuracy_mean": [
        99.02100372314453,
        92.65963745117188,
        86.0480728149414,
        83.24562072753906,
        78.84245300292969
    ],
    "average_accuracy_std": [
        1.1572439670562744,
        5.838008403778076,
        9.222909927368164,
        8.178924560546875,
        4.979281425476074
    ],
    "average_incremental_accuracy_mean": [
        99.02100372314453,
        95.84031677246094,
        92.57624053955078,
        90.24357604980469,
        87.9633560180664
    ],
    "average_incremental_accuracy_std": [
        1.1572439670562744,
        3.3716704845428467,
        4.387171268463135,
        4.326061725616455,
        3.12418532371521
    ],
    "forgetting_measure_mean": [
        0.0,
        12.985212326049805,
        19.782093048095703,
        21.2474422454834,
        25.26192855834961
    ],
    "forgetting_measure_std": [
        0.0,
        11.128905296325684,
        13.980494499206543,
        10.823241233825684,
        6.226370811462402
    ],
    "backward_transfer_mean": [
        0.0,
        -12.985212326049805,
        -19.782093048095703,
        -21.2474422454834,
        -25.26192855834961
    ],
    "backward_transfer_std": [
        0.0,
        11.128905296325684,
        13.980494499206543,
        10.823241233825684,
        6.2263712882995605
    ],
    "average_final_accuracy": [
        74.74410247802734,
        90.12102508544922,
        76.7259292602539,
        82.17024230957031,
        76.21080017089844,
        76.18302917480469,
        77.00181579589844,
        83.15442657470703,
        73.59880065917969,
        78.51441955566406
    ]
}