{
    "average_accuracy_mean": [
        98.57300567626953,
        88.24711608886719,
        83.03697204589844,
        81.47775268554688,
        79.15465545654297
    ],
    "average_accuracy_std": [
        0.8377416133880615,
        6.8497633934021,
        9.435796737670898,
        7.449296951293945,
        8.170857429504395
    ],
    "average_incremental_accuracy_mean": [
        98.57300567626953,
        93.4100570678711,
        89.9523696899414,
        87.8337173461914,
        86.097900390625
    ],
    "average_incremental_accuracy_std": [
        0.8377416133880615,
        3.400836944580078,
        4.816208362579346,
        4.808078289031982,
        4.880146026611328
    ],
    "forgetting_measure_mean": [
        0.0,
        21.167631149291992,
        23.77659034729004,
        23.35753059387207,
        24.857868194580078
    ],
    "forgetting_measure_std": [
        0.0,
        14.322620391845703,
        14.38446044921875,
        10.023348808288574,
        10.188621520996094
    ],
    "backward_transfer_mean": [
        0.0,
        -21.167631149291992,
        -23.77659034729004,
        -23.355989456176758,
        -24.856714248657227
    ],
    "backward_transfer_std": [
        0.0,
        14.322620391845703,
        14.38446044921875,
        10.023731231689453,
        10.190189361572266
    ],
    "average_final_accuracy": [
        77.98487854003906,
        67.20518493652344,
        89.14664459228516,
        88.99052429199219,
        85.30470275878906,
        80.32398986816406,
        86.64514923095703,
        74.51277923583984,
        71.37571716308594,
        70.05702209472656
    ]
}