{
    "average_accuracy_mean": [
        96.91478729248047,
        84.2475814819336,
        93.18949127197266,
        82.72602081298828,
        83.53132629394531
    ],
    "average_accuracy_std": [
        0.0,
        0.0,
        0.0,
        0.0,
        0.0
    ],
    "average_incremental_accuracy_mean": [
        96.91478729248047,
        90.58118438720703,
        91.45062255859375,
        89.26947021484375,
        88.12184143066406
    ],
    "average_incremental_accuracy_std": [
        0.0,
        0.0,
        0.0,
        0.0,
        0.0
    ],
    "forgetting_measure_mean": [
        0.0,
        27.864837646484375,
        8.03750991821289,
        21.52644920349121,
        19.405868530273438
    ],
    "forgetting_measure_std": [
        0.0,
        0.0,
        0.0,
        0.0,
        0.0
    ],
    "backward_transfer_mean": [
        0.0,
        -27.864837646484375,
        -8.03750991821289,
        -21.52644920349121,
        -19.40587043762207
    ],
    "backward_transfer_std": [
        0.0,
        0.0,
        0.0,
        0.0,
        0.0
    ],
    "average_final_accuracy": [
        83.53132629394531
    ]
}