{
    "average_accuracy_mean": [
        99.53768157958984,
        82.32830810546875,
        96.18893432617188,
        88.474853515625,
        78.6129379272461
    ],
    "average_accuracy_std": [
        0.0,
        0.0,
        0.0,
        0.0,
        0.0
    ],
    "average_incremental_accuracy_mean": [
        99.53768157958984,
        90.93299865722656,
        92.68497467041016,
        91.6324462890625,
        89.02854919433594
    ],
    "average_incremental_accuracy_std": [
        0.0,
        0.0,
        0.0,
        0.0,
        0.0
    ],
    "forgetting_measure_mean": [
        0.0,
        32.87101745605469,
        4.455310821533203,
        14.168739318847656,
        25.684404373168945
    ],
    "forgetting_measure_std": [
        0.0,
        0.0,
        0.0,
        0.0,
        0.0
    ],
    "backward_transfer_mean": [
        0.0,
        -32.87101745605469,
        -4.455310821533203,
        -14.168739318847656,
        -25.684404373168945
    ],
    "backward_transfer_std": [
        0.0,
        0.0,
        0.0,
        0.0,
        0.0
    ],
    "average_final_accuracy": [
        78.6129379272461
    ]
}