{
    "average_accuracy_mean": [
        98.66023254394531,
        81.48445892333984,
        74.25334930419922,
        85.779296875,
        83.13414001464844
    ],
    "average_accuracy_std": [
        0.0,
        0.0,
        0.0,
        0.0,
        0.0
    ],
    "average_incremental_accuracy_mean": [
        98.66023254394531,
        90.07234191894531,
        84.79934692382812,
        85.0443344116211,
        84.66230010986328
    ],
    "average_incremental_accuracy_std": [
        0.0,
        0.0,
        0.0,
        0.0,
        0.0
    ],
    "forgetting_measure_mean": [
        0.0,
        35.691314697265625,
        37.748985290527344,
        17.609760284423828,
        19.953359603881836
    ],
    "forgetting_measure_std": [
        0.0,
        0.0,
        0.0,
        0.0,
        0.0
    ],
    "backward_transfer_mean": [
        0.0,
        -35.691314697265625,
        -37.748985290527344,
        -17.609760284423828,
        -19.953359603881836
    ],
    "backward_transfer_std": [
        0.0,
        0.0,
        0.0,
        0.0,
        0.0
    ],
    "average_final_accuracy": [
        83.13414001464844
    ]
}