{
    "average_accuracy_mean": [
        80.5999984741211,
        77.9000015258789,
        77.55000305175781,
        77.7874984741211,
        76.81000518798828,
        74.8083267211914,
        73.25,
        72.51249694824219,
        72.72222137451172,
        72.81500244140625,
        72.75454711914062,
        72.67916107177734,
        71.68077087402344,
        71.37857818603516,
        71.12667083740234,
        71.0062484741211,
        71.30882263183594,
        71.55833435058594,
        70.61579132080078,
        71.25750732421875,
        70.9857177734375,
        70.82727813720703,
        70.77825927734375,
        70.4625015258789,
        69.91800689697266
    ],
    "average_accuracy_std": [
        9.477458953857422,
        6.151106357574463,
        4.4180121421813965,
        3.103005886077881,
        2.8025588989257812,
        3.364908456802368,
        3.619086742401123,
        2.9950480461120605,
        2.5734739303588867,
        2.2803573608398438,
        2.0240981578826904,
        3.0777642726898193,
        2.271080493927002,
        2.106921672821045,
        2.4877374172210693,
        2.04510760307312,
        2.3195862770080566,
        2.028156280517578,
        2.2976839542388916,
        2.1855599880218506,
        1.6653505563735962,
        1.67659592628479,
        2.116210699081421,
        1.063557744026184,
        1.4470643997192383
    ],
    "average_incremental_accuracy_mean": [
        80.5999984741211,
        79.25,
        78.68333435058594,
        78.4593734741211,
        78.12950134277344,
        77.57597351074219,
        76.95796966552734,
        76.40229797363281,
        75.99339294433594,
        75.67555236816406,
        75.4100112915039,
        75.18244171142578,
        74.91307830810547,
        74.6606216430664,
        74.42501831054688,
        74.21134185791016,
        74.04060363769531,
        73.90270233154297,
        73.7297134399414,
        73.60609436035156,
        73.48131561279297,
        73.36067962646484,
        73.24839782714844,
        73.13232421875,
        73.00374603271484
    ],
    "average_incremental_accuracy_std": [
        9.477458953857422,
        7.135348320007324,
        5.781653881072998,
        4.858828544616699,
        4.13251256942749,
        3.5667011737823486,
        3.0048320293426514,
        2.7715296745300293,
        2.572859287261963,
        2.2994203567504883,
        2.0822176933288574,
        1.9091888666152954,
        1.79835844039917,
        1.687775731086731,
        1.571976661682129,
        1.3963264226913452,
        1.2193653583526611,
        1.0703758001327515,
        0.9685532450675964,
        0.8771205544471741,
        0.8190957307815552,
        0.8027095794677734,
        0.7549194693565369,
        0.7193781733512878,
        0.6704869270324707
    ],
    "forgetting_measure_mean": [
        0.0,
        3.9000000953674316,
        6.349999904632568,
        6.599999904632568,
        6.4375,
        8.179999351501465,
        9.233332633972168,
        10.371429443359375,
        9.875,
        9.672222137451172,
        9.684999465942383,
        9.568181991577148,
        10.25,
        10.503847122192383,
        11.117856979370117,
        11.5,
        11.084375381469727,
        10.538235664367676,
        11.649999618530273,
        11.152631759643555,
        11.557499885559082,
        11.838096618652344,
        12.050000190734863,
        12.410870552062988,
        12.802083015441895
    ],
    "forgetting_measure_std": [
        0.0,
        5.321862697601318,
        3.8209946155548096,
        2.839535713195801,
        2.4659135341644287,
        1.6558314561843872,
        3.2871334552764893,
        2.6125025749206543,
        1.58907949924469,
        1.9430241584777832,
        1.910068392753601,
        2.356754779815674,
        1.344427227973938,
        1.594229817390442,
        1.7888898849487305,
        2.6998400688171387,
        2.312549352645874,
        2.0711140632629395,
        2.224928855895996,
        2.0046422481536865,
        1.4734244346618652,
        1.5138064622879028,
        2.303149938583374,
        1.194991111755371,
        1.8142750263214111
    ],
    "backward_transfer_mean": [
        0.0,
        -3.8499999046325684,
        -6.125,
        -6.3333330154418945,
        -6.025000095367432,
        -7.640000343322754,
        -8.716667175292969,
        -9.850000381469727,
        -9.324999809265137,
        -9.138888359069824,
        -9.119999885559082,
        -8.909090042114258,
        -9.558332443237305,
        -9.7615385055542,
        -10.364285469055176,
        -10.726667404174805,
        -10.256250381469727,
        -9.685293197631836,
        -10.772222518920898,
        -10.213157653808594,
        -10.632499694824219,
        -10.89285659790039,
        -11.100000381469727,
        -11.417391777038574,
        -11.831250190734863
    ],
    "backward_transfer_std": [
        0.0,
        5.36475133895874,
        4.195318222045898,
        2.958561658859253,
        2.597942590713501,
        1.9201850891113281,
        3.3702127933502197,
        2.8231008052825928,
        1.779952049255371,
        1.899435043334961,
        2.0007221698760986,
        2.723397731781006,
        1.762762188911438,
        1.7784781455993652,
        1.7776644229888916,
        2.4517972469329834,
        2.171658992767334,
        1.9047406911849976,
        2.0201656818389893,
        1.9402211904525757,
        1.4533509016036987,
        1.568509817123413,
        2.3069941997528076,
        0.9970971941947937,
        1.5536773204803467
    ],
    "average_final_accuracy": [
        69.83999633789062,
        71.80000305175781,
        67.22000122070312,
        69.68000030517578,
        68.4800033569336,
        68.81999969482422,
        71.04000091552734,
        70.58000183105469,
        70.08000183105469,
        71.63999938964844
    ]
}