{
    "average_accuracy_mean": [
        65.4000015258789,
        59.787498474121094,
        60.0333366394043,
        57.35625076293945,
        56.99500274658203,
        56.041664123535156,
        55.42142868041992,
        53.99687576293945,
        51.6916618347168,
        52.31999588012695,
        51.477272033691406,
        50.40416717529297,
        50.15961456298828
    ],
    "average_accuracy_std": [
        8.11052131652832,
        8.715816497802734,
        7.277375221252441,
        3.7230570316314697,
        3.9128313064575195,
        2.6999518871307373,
        2.572134256362915,
        3.974868059158325,
        2.4849491119384766,
        2.7901062965393066,
        1.8214620351791382,
        1.5812060832977295,
        1.3157762289047241
    ],
    "average_incremental_accuracy_mean": [
        65.4000015258789,
        62.59375,
        61.74027633666992,
        60.6442756652832,
        59.9144172668457,
        59.268959045410156,
        58.71931076049805,
        58.129005432128906,
        57.41374588012695,
        56.90436935424805,
        56.41100311279297,
        55.910430908203125,
        55.46806716918945
    ],
    "average_incremental_accuracy_std": [
        8.11052131652832,
        7.905543327331543,
        7.4603142738342285,
        6.393530368804932,
        5.6573967933654785,
        4.98307991027832,
        4.323404788970947,
        3.8897712230682373,
        3.4144344329833984,
        3.0905027389526367,
        2.8493611812591553,
        2.5586936473846436,
        2.3093178272247314
    ],
    "forgetting_measure_mean": [
        0.0,
        7.375,
        8.9375,
        8.949999809265137,
        9.725000381469727,
        10.125,
        10.983332633972168,
        13.242856979370117,
        15.190625190734863,
        14.280555725097656,
        15.230000495910645,
        16.64090919494629,
        16.71875
    ],
    "forgetting_measure_std": [
        0.0,
        6.071620941162109,
        6.0407328605651855,
        3.866044044494629,
        3.0115807056427,
        2.611114025115967,
        2.514709711074829,
        4.235780715942383,
        2.782457113265991,
        2.7263903617858887,
        1.6379525661468506,
        2.0720436573028564,
        1.603497862815857
    ],
    "backward_transfer_mean": [
        0.0,
        -6.625,
        -8.475000381469727,
        -8.516666412353516,
        -9.387499809265137,
        -9.795000076293945,
        -10.583333015441895,
        -12.853570938110352,
        -14.703125,
        -13.822222709655762,
        -14.817500114440918,
        -16.26363754272461,
        -16.34375
    ],
    "backward_transfer_std": [
        0.0,
        7.347760200500488,
        6.198902130126953,
        4.089243412017822,
        3.352393388748169,
        2.782130479812622,
        2.7030932903289795,
        4.372159004211426,
        2.590139389038086,
        2.5076427459716797,
        1.6531555652618408,
        2.0520431995391846,
        1.4469209909439087
    ],
    "average_final_accuracy": [
        48.269229888916016,
        50.28845977783203,
        49.07692337036133,
        49.480770111083984,
        51.96154022216797,
        49.596153259277344,
        51.69230651855469,
        51.61538314819336,
        50.82692337036133,
        48.78845977783203
    ]
}