{
    "average_accuracy_mean": [
        61.61249923706055,
        56.54999923706055,
        51.016666412353516,
        47.631248474121094,
        46.25749969482422,
        42.61249923706055,
        40.724998474121094
    ],
    "average_accuracy_std": [
        18.958145141601562,
        12.009790420532227,
        8.233410835266113,
        6.817655563354492,
        3.9949629306793213,
        2.9531478881835938,
        1.918038249015808
    ],
    "average_incremental_accuracy_mean": [
        61.61249923706055,
        59.08124923706055,
        56.39305877685547,
        54.202606201171875,
        52.61358642578125,
        50.946739196777344,
        49.486488342285156
    ],
    "average_incremental_accuracy_std": [
        18.958145141601562,
        13.908245086669922,
        11.716243743896484,
        10.351783752441406,
        8.681640625,
        7.417375087738037,
        6.57423734664917
    ],
    "forgetting_measure_mean": [
        0.0,
        6.125,
        8.949999809265137,
        10.529166221618652,
        13.387499809265137,
        17.240001678466797,
        17.704166412353516
    ],
    "forgetting_measure_std": [
        0.0,
        3.8948862552642822,
        2.0976176261901855,
        2.954911231994629,
        2.4612536430358887,
        3.164170026779175,
        2.2669928073883057
    ],
    "backward_transfer_mean": [
        0.0,
        -6.125,
        -8.949999809265137,
        -10.529166221618652,
        -13.387499809265137,
        -17.240001678466797,
        -17.704166412353516
    ],
    "backward_transfer_std": [
        0.0,
        3.8948862552642822,
        2.0976176261901855,
        2.954911231994629,
        2.4612536430358887,
        3.164170026779175,
        2.2669928073883057
    ],
    "average_final_accuracy": [
        40.375,
        39.33928680419922,
        38.53571319580078,
        44.75,
        38.53571319580078,
        41.96428680419922,
        41.44643020629883,
        41.46428680419922,
        39.30356979370117,
        41.53571319580078
    ]
}