{
    "average_accuracy_mean": [
        81.05000305175781,
        81.9000015258789,
        80.18333435058594,
        77.7249984741211,
        76.12999725341797,
        74.98333740234375,
        74.7642822265625,
        75.51249694824219,
        74.82221984863281,
        73.79499816894531,
        73.11363220214844,
        72.85416412353516,
        72.7576904296875,
        72.2750015258789,
        72.25666809082031,
        71.94062805175781,
        71.27352142333984,
        71.7249984741211,
        71.78157806396484,
        71.65250396728516,
        71.6833267211914,
        72.00907897949219,
        71.9978256225586,
        71.2854232788086,
        70.50599670410156
    ],
    "average_accuracy_std": [
        6.885774612426758,
        6.401171684265137,
        5.80626106262207,
        5.466691970825195,
        4.876028060913086,
        3.897569417953491,
        3.3764309883117676,
        3.0591392517089844,
        3.612468957901001,
        3.66965389251709,
        3.0413620471954346,
        2.4689629077911377,
        2.2323191165924072,
        1.9147833585739136,
        1.4677635431289673,
        1.5173654556274414,
        1.9701759815216064,
        1.6756666898727417,
        1.371232271194458,
        2.121562957763672,
        1.896114468574524,
        1.3072171211242676,
        1.3407734632492065,
        1.3922903537750244,
        1.870901107788086
    ],
    "average_incremental_accuracy_mean": [
        81.05000305175781,
        81.4749984741211,
        81.04444885253906,
        80.21458435058594,
        79.39766693115234,
        78.66194152832031,
        78.10513305664062,
        77.78105926513672,
        77.4522933959961,
        77.0865707397461,
        76.72538757324219,
        76.40278625488281,
        76.12239074707031,
        75.84757995605469,
        75.60819244384766,
        75.37896728515625,
        75.1374740600586,
        74.94789123535156,
        74.78123474121094,
        74.62480163574219,
        74.48473358154297,
        74.37220764160156,
        74.26896667480469,
        74.14466094970703,
        73.99910736083984
    ],
    "average_incremental_accuracy_std": [
        6.885774612426758,
        6.463788032531738,
        5.953902721405029,
        5.553401947021484,
        5.210301876068115,
        4.886085033416748,
        4.560586929321289,
        4.225982189178467,
        4.023410320281982,
        3.9070544242858887,
        3.7701754570007324,
        3.628706216812134,
        3.4401745796203613,
        3.2721314430236816,
        3.0801479816436768,
        2.8911123275756836,
        2.6653997898101807,
        2.4939043521881104,
        2.3317651748657227,
        2.1929407119750977,
        2.078305244445801,
        1.992080569267273,
        1.921524167060852,
        1.8162888288497925,
        1.7214220762252808
    ],
    "forgetting_measure_mean": [
        0.0,
        3.6500000953674316,
        4.0,
        7.1666669845581055,
        7.949999809265137,
        9.079999923706055,
        9.291666984558105,
        8.814286231994629,
        9.21875,
        10.938888549804688,
        11.495000839233398,
        11.890909194946289,
        12.433332443237305,
        12.580769538879395,
        12.55714225769043,
        12.756667137145996,
        13.540624618530273,
        13.035293579101562,
        13.125,
        13.371052742004395,
        13.295000076293945,
        12.964284896850586,
        13.074999809265137,
        13.476086616516113,
        14.204167366027832
    ],
    "forgetting_measure_std": [
        0.0,
        3.793635129928589,
        3.06412935256958,
        4.216370105743408,
        3.9603941440582275,
        4.187759876251221,
        3.144231081008911,
        2.8400681018829346,
        2.33040189743042,
        2.4007673263549805,
        2.936310052871704,
        2.25479793548584,
        2.3858344554901123,
        1.9121440649032593,
        1.9211498498916626,
        1.3750017881393433,
        2.2389800548553467,
        1.8390549421310425,
        1.8009793758392334,
        2.375021457672119,
        2.4068708419799805,
        1.815683364868164,
        1.6700395345687866,
        1.7512098550796509,
        2.134166717529297
    ],
    "backward_transfer_mean": [
        0.0,
        -3.450000047683716,
        -3.7750000953674316,
        -7.0,
        -7.712500095367432,
        -8.780000686645508,
        -8.908332824707031,
        -8.26428508758545,
        -8.706250190734863,
        -10.438889503479004,
        -11.01500129699707,
        -11.409090995788574,
        -11.895833969116211,
        -12.069231033325195,
        -12.049999237060547,
        -12.190000534057617,
        -12.959375381469727,
        -12.447059631347656,
        -12.508333206176758,
        -12.726316452026367,
        -12.627500534057617,
        -12.2619047164917,
        -12.3659086227417,
        -12.789130210876465,
        -13.502084732055664
    ],
    "backward_transfer_std": [
        0.0,
        4.0307841300964355,
        3.2562973499298096,
        4.32763147354126,
        4.16960334777832,
        4.484739780426025,
        3.348680019378662,
        2.8014512062072754,
        2.2395687103271484,
        2.2909810543060303,
        2.8641510009765625,
        2.324955463409424,
        2.357370376586914,
        1.7901772260665894,
        1.976204752922058,
        1.3746423721313477,
        2.097351312637329,
        1.7265928983688354,
        1.8789247274398804,
        2.489720344543457,
        2.499401092529297,
        2.06205677986145,
        1.9319652318954468,
        1.9563887119293213,
        2.3352019786834717
    ],
    "average_final_accuracy": [
        68.05999755859375,
        68.5999984741211,
        71.04000091552734,
        70.72000122070312,
        69.87999725341797,
        70.55999755859375,
        73.05999755859375,
        70.9000015258789,
        68.5,
        73.73999786376953
    ]
}