{
    "average_accuracy_mean": [
        51.17499923706055,
        48.349998474121094,
        47.820831298828125,
        46.75,
        43.537498474121094,
        41.71458053588867,
        40.108924865722656
    ],
    "average_accuracy_std": [
        3.2814714908599854,
        5.319904804229736,
        5.3786797523498535,
        5.21963357925415,
        3.6046125888824463,
        3.181648015975952,
        2.909240484237671
    ],
    "average_incremental_accuracy_mean": [
        51.17499923706055,
        49.76250076293945,
        49.11527633666992,
        48.523956298828125,
        47.52667236328125,
        46.557987213134766,
        45.636688232421875
    ],
    "average_incremental_accuracy_std": [
        3.2814714908599854,
        3.4900403022766113,
        2.916560411453247,
        3.0358269214630127,
        2.7569048404693604,
        2.5913901329040527,
        2.33724045753479
    ],
    "forgetting_measure_mean": [
        0.0,
        8.274999618530273,
        10.050000190734863,
        11.566666603088379,
        14.446874618530273,
        16.299999237060547,
        17.520832061767578
    ],
    "forgetting_measure_std": [
        0.0,
        2.9402616024017334,
        2.8208673000335693,
        3.341379165649414,
        2.4504663944244385,
        3.1966123580932617,
        3.3113858699798584
    ],
    "backward_transfer_mean": [
        0.0,
        -8.274999618530273,
        -9.850000381469727,
        -11.316666603088379,
        -14.259374618530273,
        -16.149999618530273,
        -17.395832061767578
    ],
    "backward_transfer_std": [
        0.0,
        2.9402616024017334,
        2.918630361557007,
        3.6419198513031006,
        2.4418609142303467,
        3.236252784729004,
        3.306197166442871
    ],
    "average_final_accuracy": [
        41.28571319580078,
        40.89285659790039,
        39.01785659790039,
        42.07143020629883,
        40.39285659790039,
        32.51785659790039,
        41.92856979370117,
        42.91071319580078,
        40.39285659790039,
        39.67856979370117
    ]
}