{
    "average_accuracy_mean": [
        62.224998474121094,
        61.912498474121094,
        59.333335876464844,
        57.256248474121094,
        54.79999923706055,
        54.54999923706055,
        53.078575134277344,
        52.240623474121094,
        51.52222442626953,
        51.282493591308594,
        50.20454406738281,
        49.34583282470703,
        49.1788444519043
    ],
    "average_accuracy_std": [
        11.82537841796875,
        10.033978462219238,
        5.592929840087891,
        6.113186359405518,
        3.334583044052124,
        3.3582284450531006,
        3.1936633586883545,
        3.0776994228363037,
        3.3052268028259277,
        2.963505506515503,
        2.9593591690063477,
        3.0276060104370117,
        1.7501769065856934
    ],
    "average_incremental_accuracy_mean": [
        62.224998474121094,
        62.068748474121094,
        61.15694046020508,
        60.18177032470703,
        59.10541915893555,
        58.3461799621582,
        57.59366989135742,
        56.924537658691406,
        56.32427215576172,
        55.820106506347656,
        55.309593200683594,
        54.8126106262207,
        54.379249572753906
    ],
    "average_incremental_accuracy_std": [
        11.82537841796875,
        10.387561798095703,
        8.14609146118164,
        6.533730506896973,
        5.481259346008301,
        4.78144645690918,
        4.198007583618164,
        3.7813973426818848,
        3.4083364009857178,
        3.0204195976257324,
        2.747380256652832,
        2.522467851638794,
        2.313539743423462
    ],
    "forgetting_measure_mean": [
        0.0,
        6.275000095367432,
        10.637499809265137,
        10.883333206176758,
        11.112500190734863,
        12.985000610351562,
        14.341667175292969,
        14.742856979370117,
        14.928125381469727,
        15.675000190734863,
        16.490001678466797,
        16.774999618530273,
        17.15833282470703
    ],
    "forgetting_measure_std": [
        0.0,
        4.1690826416015625,
        3.7902698516845703,
        4.224085807800293,
        2.23136568069458,
        2.392122268676758,
        3.868887186050415,
        2.6804914474487305,
        3.084144353866577,
        2.4476356506347656,
        3.317633628845215,
        3.0102643966674805,
        1.8585752248764038
    ],
    "backward_transfer_mean": [
        0.0,
        -6.025000095367432,
        -10.512499809265137,
        -10.766666412353516,
        -10.956250190734863,
        -12.860000610351562,
        -14.23750114440918,
        -14.653572082519531,
        -14.8125,
        -15.552777290344238,
        -16.380001068115234,
        -16.674999237060547,
        -17.05416488647461
    ],
    "backward_transfer_std": [
        0.0,
        4.635985374450684,
        3.9455714225769043,
        4.257310390472412,
        2.2132511138916016,
        2.407026767730713,
        3.8990468978881836,
        2.706758975982666,
        3.0800940990448,
        2.40749454498291,
        3.3391780853271484,
        3.0414764881134033,
        1.8783457279205322
    ],
    "average_final_accuracy": [
        46.63461685180664,
        52.67307662963867,
        49.53845977783203,
        49.230770111083984,
        48.05769348144531,
        51.346153259277344,
        49.11538314819336,
        48.80769348144531,
        48.78845977783203,
        47.596153259277344
    ]
}