{
    "average_accuracy_mean": [
        58.15625,
        48.275001525878906,
        48.135414123535156,
        41.967185974121094
    ],
    "average_accuracy_std": [
        26.150726318359375,
        13.444457054138184,
        1.6733157634735107,
        1.6305402517318726
    ],
    "average_incremental_accuracy_mean": [
        58.15625,
        53.21562576293945,
        51.52222442626953,
        49.133460998535156
    ],
    "average_incremental_accuracy_std": [
        26.150726318359375,
        18.27762794494629,
        12.29557991027832,
        9.348981857299805
    ],
    "forgetting_measure_mean": [
        0.0,
        10.043749809265137,
        10.865625381469727,
        13.018750190734863
    ],
    "forgetting_measure_std": [
        0.0,
        4.521942138671875,
        2.1246962547302246,
        1.8971035480499268
    ],
    "backward_transfer_mean": [
        0.0,
        -10.043749809265137,
        -10.865625381469727,
        -13.018750190734863
    ],
    "backward_transfer_std": [
        0.0,
        4.521942138671875,
        2.1246962547302246,
        1.8971035480499268
    ],
    "average_final_accuracy": [
        42.734375,
        41.0,
        43.453125,
        43.90625,
        41.828125,
        43.3125,
        39.125,
        42.734375,
        42.046875,
        39.53125
    ]
}