{
    "average_accuracy_mean": [
        53.11249923706055,
        45.88750076293945,
        42.38125228881836,
        39.053123474121094
    ],
    "average_accuracy_std": [
        18.01708221435547,
        9.310020446777344,
        5.814428806304932,
        1.160750389099121
    ],
    "average_incremental_accuracy_mean": [
        53.11249923706055,
        49.5,
        47.12708282470703,
        45.10859680175781
    ],
    "average_incremental_accuracy_std": [
        18.01708221435547,
        12.73602294921875,
        9.661073684692383,
        7.247526168823242
    ],
    "forgetting_measure_mean": [
        0.0,
        8.274999618530273,
        10.190625190734863,
        13.125
    ],
    "forgetting_measure_std": [
        0.0,
        4.096619606018066,
        3.7041306495666504,
        1.5814132690429688
    ],
    "backward_transfer_mean": [
        0.0,
        -8.125,
        -9.890625,
        -12.925000190734863
    ],
    "backward_transfer_std": [
        0.0,
        4.445854663848877,
        4.19959020614624,
        1.706587791442871
    ],
    "average_final_accuracy": [
        39.765625,
        40.453125,
        37.375,
        40.4375,
        39.453125,
        38.03125,
        37.28125,
        38.78125,
        39.75,
        39.203125
    ]
}