{
    "average_accuracy_mean": [
        79.16874694824219,
        63.875,
        56.82707977294922,
        50.962501525878906
    ],
    "average_accuracy_std": [
        9.156673431396484,
        6.329288959503174,
        5.544406890869141,
        2.9575648307800293
    ],
    "average_incremental_accuracy_mean": [
        79.16874694824219,
        71.5218734741211,
        66.62361145019531,
        62.70833206176758
    ],
    "average_incremental_accuracy_std": [
        9.156673431396484,
        6.7708821296691895,
        5.675538063049316,
        4.572411060333252
    ],
    "forgetting_measure_mean": [
        0.0,
        30.15625,
        35.696876525878906,
        40.068748474121094
    ],
    "forgetting_measure_std": [
        0.0,
        9.662277221679688,
        6.206254005432129,
        4.068793296813965
    ],
    "backward_transfer_mean": [
        0.0,
        -30.15625,
        -35.696876525878906,
        -40.068748474121094
    ],
    "backward_transfer_std": [
        0.0,
        9.662277221679688,
        6.206254005432129,
        4.068793296813965
    ],
    "average_final_accuracy": [
        48.53125,
        49.171875,
        48.203125,
        51.15625,
        53.265625,
        50.265625,
        54.859375,
        55.140625,
        52.625,
        46.40625
    ]
}