{
    "average_accuracy_mean": [
        79.88749694824219,
        68.125,
        60.2833366394043,
        51.37187576293945,
        48.50749969482422,
        45.44166946411133,
        44.489280700683594
    ],
    "average_accuracy_std": [
        5.124305725097656,
        7.08651876449585,
        7.549881458282471,
        6.704166412353516,
        5.455540657043457,
        5.17264461517334,
        2.782738208770752
    ],
    "average_incremental_accuracy_mean": [
        79.88749694824219,
        74.0062484741211,
        69.43194580078125,
        64.91693115234375,
        61.635047912597656,
        58.9361457824707,
        56.872314453125
    ],
    "average_incremental_accuracy_std": [
        5.124305725097656,
        5.333695411682129,
        5.687623023986816,
        5.611669063568115,
        5.396300315856934,
        5.052802085876465,
        4.413669109344482
    ],
    "forgetting_measure_mean": [
        0.0,
        28.100000381469727,
        33.14374923706055,
        41.01250076293945,
        43.228126525878906,
        46.30249786376953,
        46.48125076293945
    ],
    "forgetting_measure_std": [
        0.0,
        9.801112174987793,
        9.14448356628418,
        7.7928690910339355,
        6.264723300933838,
        6.198783874511719,
        3.301635503768921
    ],
    "backward_transfer_mean": [
        0.0,
        -28.100000381469727,
        -33.14374923706055,
        -41.01250076293945,
        -43.228126525878906,
        -46.30249786376953,
        -46.48125076293945
    ],
    "backward_transfer_std": [
        0.0,
        9.801112174987793,
        9.14448356628418,
        7.7928690910339355,
        6.264723300933838,
        6.198783874511719,
        3.301635503768921
    ],
    "average_final_accuracy": [
        45.92856979370117,
        44.76785659790039,
        46.05356979370117,
        45.80356979370117,
        48.10714340209961,
        45.78571319580078,
        45.66071319580078,
        40.85714340209961,
        43.10714340209961,
        38.82143020629883
    ]
}