{
    "average_accuracy_mean": [
        81.1500015258789,
        72.7249984741211,
        66.45832824707031,
        60.89374923706055,
        57.029998779296875,
        54.76250076293945,
        52.892860412597656,
        52.10625076293945,
        50.116668701171875,
        48.60750198364258,
        46.349998474121094,
        43.17708206176758,
        42.48461151123047
    ],
    "average_accuracy_std": [
        6.504485607147217,
        3.7220253944396973,
        4.075531005859375,
        3.4688656330108643,
        4.0994720458984375,
        2.866032123565674,
        3.124177932739258,
        3.640031099319458,
        3.553718090057373,
        3.098276138305664,
        4.625038146972656,
        2.429032802581787,
        2.6012659072875977
    ],
    "average_incremental_accuracy_mean": [
        81.1500015258789,
        76.9375,
        73.44444274902344,
        70.30677032470703,
        67.65141296386719,
        65.50326538085938,
        63.7017822265625,
        62.25233840942383,
        60.9039306640625,
        59.674285888671875,
        58.462989807128906,
        57.18915939331055,
        56.05804443359375
    ],
    "average_incremental_accuracy_std": [
        6.504485607147217,
        4.669920921325684,
        3.809439182281494,
        3.0412161350250244,
        2.370823860168457,
        1.7716143131256104,
        1.5232648849487305,
        1.4214091300964355,
        1.3542557954788208,
        1.2909396886825562,
        1.422409176826477,
        1.3740054368972778,
        1.328600525856018
    ],
    "forgetting_measure_mean": [
        0.0,
        19.524999618530273,
        26.424999237060547,
        31.98333168029785,
        35.48749923706055,
        37.400001525878906,
        39.375,
        40.0,
        42.22187423706055,
        43.72222137451172,
        46.13999938964844,
        49.499996185302734,
        50.05208206176758
    ],
    "forgetting_measure_std": [
        0.0,
        4.264599323272705,
        5.3868408203125,
        3.399754762649536,
        4.814150333404541,
        3.767772674560547,
        3.529308557510376,
        4.589158535003662,
        4.039181232452393,
        3.4509339332580566,
        5.133822441101074,
        3.010885000228882,
        2.857522964477539
    ],
    "backward_transfer_mean": [
        0.0,
        -19.524999618530273,
        -26.424999237060547,
        -31.98333168029785,
        -35.48749923706055,
        -37.400001525878906,
        -39.375,
        -40.0,
        -42.22187423706055,
        -43.72222137451172,
        -46.13999938964844,
        -49.499996185302734,
        -50.05208206176758
    ],
    "backward_transfer_std": [
        0.0,
        4.264599323272705,
        5.3868408203125,
        3.399754762649536,
        4.814150333404541,
        3.767772674560547,
        3.529308557510376,
        4.589158535003662,
        4.039181232452393,
        3.4509339332580566,
        5.133822441101074,
        3.010885000228882,
        2.857522964477539
    ],
    "average_final_accuracy": [
        45.32692337036133,
        47.05769348144531,
        42.269229888916016,
        40.94230651855469,
        44.11538314819336,
        44.42307662963867,
        40.05769348144531,
        39.13461685180664,
        40.730770111083984,
        40.78845977783203
    ]
}