{
    "average_accuracy_mean": [
        78.9375,
        66.2874984741211,
        59.662498474121094,
        54.0,
        48.082496643066406,
        45.383331298828125,
        42.01785659790039
    ],
    "average_accuracy_std": [
        5.045367240905762,
        5.469232082366943,
        3.3910763263702393,
        4.049632549285889,
        3.737220525741577,
        3.9209392070770264,
        2.895195484161377
    ],
    "average_incremental_accuracy_mean": [
        78.9375,
        72.61250305175781,
        68.29582977294922,
        64.72187042236328,
        61.39400100708008,
        58.725547790527344,
        56.3387451171875
    ],
    "average_incremental_accuracy_std": [
        5.045367240905762,
        4.254853248596191,
        3.6737167835235596,
        3.0959067344665527,
        2.973771333694458,
        2.8307173252105713,
        2.5472757816314697
    ],
    "forgetting_measure_mean": [
        0.0,
        29.225000381469727,
        34.51250076293945,
        39.249996185302734,
        44.556251525878906,
        46.939998626708984,
        49.977088928222656
    ],
    "forgetting_measure_std": [
        0.0,
        9.334039688110352,
        4.223343849182129,
        5.222332954406738,
        3.983957529067993,
        4.678633689880371,
        3.773747682571411
    ],
    "backward_transfer_mean": [
        0.0,
        -29.225000381469727,
        -34.51250076293945,
        -39.249996185302734,
        -44.556251525878906,
        -46.939998626708984,
        -49.977088928222656
    ],
    "backward_transfer_std": [
        0.0,
        9.334039688110352,
        4.223343849182129,
        5.222332954406738,
        3.983957529067993,
        4.678633689880371,
        3.773747682571411
    ],
    "average_final_accuracy": [
        43.85714340209961,
        43.30356979370117,
        36.35714340209961,
        41.64285659790039,
        41.17856979370117,
        43.91071319580078,
        42.80356979370117,
        42.58928680419922,
        46.32143020629883,
        38.21428680419922
    ]
}