{
    "average_accuracy_mean": [
        93.25,
        85.8499984741211,
        78.96665954589844,
        75.3125,
        74.25,
        70.42500305175781,
        68.76428985595703,
        68.45625305175781,
        67.1222152709961,
        66.08000183105469,
        64.53636169433594,
        66.79583740234375,
        64.26922607421875,
        62.14642333984375,
        61.8900032043457,
        61.318748474121094,
        61.32352828979492,
        60.32777786254883,
        59.41315841674805,
        58.20499801635742,
        60.23571014404297,
        59.004547119140625,
        58.2847785949707,
        59.5,
        57.263999938964844
    ],
    "average_accuracy_std": [
        3.5059473514556885,
        4.658027648925781,
        3.2780601978302,
        4.004012584686279,
        6.22026252746582,
        3.794173240661621,
        5.982025146484375,
        4.398059368133545,
        2.297161817550659,
        3.4626734256744385,
        2.508277416229248,
        3.546616792678833,
        4.576545238494873,
        4.3835859298706055,
        4.074069499969482,
        3.3714230060577393,
        4.062800407409668,
        4.086298942565918,
        3.412248134613037,
        2.691725969314575,
        2.6546263694763184,
        3.393073081970215,
        3.8333048820495605,
        2.7709460258483887,
        3.2964062690734863
    ],
    "average_incremental_accuracy_mean": [
        93.25,
        89.55000305175781,
        86.022216796875,
        83.34478759765625,
        81.52583312988281,
        79.67569732666016,
        78.1169204711914,
        76.90933990478516,
        75.82188415527344,
        74.84769439697266,
        73.9103012084961,
        73.31742858886719,
        72.62141418457031,
        71.87320709228516,
        71.20765686035156,
        70.589599609375,
        70.0445327758789,
        69.50471496582031,
        68.97358703613281,
        68.43515014648438,
        68.04469299316406,
        67.6337890625,
        67.22731018066406,
        66.90533447265625,
        66.5196762084961
    ],
    "average_incremental_accuracy_std": [
        3.5059473514556885,
        3.4486310482025146,
        3.033952474594116,
        3.068927764892578,
        3.094943046569824,
        3.0708136558532715,
        2.833390235900879,
        2.8579180240631104,
        2.6653127670288086,
        2.2478628158569336,
        2.15309739112854,
        2.1049983501434326,
        2.101142406463623,
        2.058959484100342,
        1.8820264339447021,
        1.8595503568649292,
        1.9101561307907104,
        1.8192377090454102,
        1.7858353853225708,
        1.678633451461792,
        1.6104342937469482,
        1.522026777267456,
        1.4240940809249878,
        1.3345458507537842,
        1.283446192741394
    ],
    "forgetting_measure_mean": [
        0.0,
        13.600000381469727,
        21.524999618530273,
        24.416667938232422,
        24.037500381469727,
        27.810001373291016,
        29.04166603088379,
        28.992855072021484,
        30.206249237060547,
        30.99444580078125,
        32.39500045776367,
        29.886363983154297,
        32.48332977294922,
        34.79230880737305,
        34.914283752441406,
        35.34333419799805,
        35.24687576293945,
        36.0941162109375,
        36.969444274902344,
        38.08684158325195,
        35.88249969482422,
        37.12857437133789,
        37.836360931396484,
        36.51087188720703,
        38.8458366394043
    ],
    "forgetting_measure_std": [
        0.0,
        6.611437797546387,
        4.105298042297363,
        4.361199855804443,
        7.049440860748291,
        4.0561203956604,
        6.760251522064209,
        4.429781436920166,
        2.8176727294921875,
        4.06669807434082,
        2.654917001724243,
        3.6634249687194824,
        4.922242641448975,
        4.907835483551025,
        4.995014190673828,
        3.890604257583618,
        4.161362648010254,
        4.77203893661499,
        3.8233327865600586,
        3.0371923446655273,
        2.8870651721954346,
        3.490948438644409,
        3.974534273147583,
        2.9605374336242676,
        3.1664257049560547
    ],
    "backward_transfer_mean": [
        0.0,
        -13.600000381469727,
        -21.524999618530273,
        -24.416667938232422,
        -24.037500381469727,
        -27.810001373291016,
        -29.04166603088379,
        -28.992855072021484,
        -30.206249237060547,
        -30.99444580078125,
        -32.39500045776367,
        -29.886363983154297,
        -32.48332977294922,
        -34.79230880737305,
        -34.914283752441406,
        -35.34333419799805,
        -35.24687576293945,
        -36.0941162109375,
        -36.969444274902344,
        -38.08684158325195,
        -35.88249969482422,
        -37.12857437133789,
        -37.836360931396484,
        -36.51087188720703,
        -38.8458366394043
    ],
    "backward_transfer_std": [
        0.0,
        6.611437797546387,
        4.105298042297363,
        4.361199855804443,
        7.049440860748291,
        4.0561203956604,
        6.760251522064209,
        4.429781436920166,
        2.8176727294921875,
        4.06669807434082,
        2.654917001724243,
        3.6634249687194824,
        4.922242641448975,
        4.907835483551025,
        4.995014190673828,
        3.890604257583618,
        4.161362648010254,
        4.77203893661499,
        3.8233327865600586,
        3.0371923446655273,
        2.8870651721954346,
        3.490948438644409,
        3.974534273147583,
        2.9605374336242676,
        3.1664257049560547
    ],
    "average_final_accuracy": [
        51.220001220703125,
        54.79999923706055,
        62.08000183105469,
        58.040000915527344,
        57.099998474121094,
        57.86000061035156,
        59.099998474121094,
        61.70000076293945,
        54.7400016784668,
        56.0
    ]
}