{
    "average_accuracy_mean": [
        77.6875,
        64.46875,
        58.395835876464844,
        55.025001525878906
    ],
    "average_accuracy_std": [
        8.403403282165527,
        9.777482986450195,
        4.396617889404297,
        3.9717166423797607
    ],
    "average_incremental_accuracy_mean": [
        77.6875,
        71.078125,
        66.85069274902344,
        63.8942756652832
    ],
    "average_incremental_accuracy_std": [
        8.403403282165527,
        8.324796676635742,
        6.728756904602051,
        4.685591220855713
    ],
    "forgetting_measure_mean": [
        0.0,
        27.393749237060547,
        33.568748474121094,
        35.48749923706055
    ],
    "forgetting_measure_std": [
        0.0,
        12.288525581359863,
        4.629708766937256,
        4.868825435638428
    ],
    "backward_transfer_mean": [
        0.0,
        -27.393749237060547,
        -33.568748474121094,
        -35.48749923706055
    ],
    "backward_transfer_std": [
        0.0,
        12.288525581359863,
        4.629708766937256,
        4.868825435638428
    ],
    "average_final_accuracy": [
        55.09375,
        51.453125,
        55.65625,
        54.1875,
        58.25,
        48.40625,
        56.96875,
        61.46875,
        50.65625,
        58.109375
    ]
}