{
    "average_accuracy_mean": [
        93.6500015258789,
        82.07499694824219,
        79.81666564941406,
        76.23750305175781,
        73.58000183105469,
        72.44999694824219,
        69.30714416503906,
        69.9437484741211,
        67.227783203125,
        66.12999725341797,
        66.31364440917969,
        65.69166564941406,
        64.3846206665039,
        61.91071319580078,
        60.883331298828125,
        60.693748474121094,
        59.461769104003906,
        59.23332977294922,
        60.25789260864258,
        59.287498474121094,
        59.23809814453125,
        58.75909423828125,
        58.4304313659668,
        59.193748474121094,
        58.42000198364258
    ],
    "average_accuracy_std": [
        3.4884731769561768,
        3.94590163230896,
        2.5560996532440186,
        4.262420654296875,
        3.2193167209625244,
        3.5985240936279297,
        4.971353054046631,
        3.323873281478882,
        4.661699295043945,
        2.683612823486328,
        4.160543918609619,
        2.6639316082000732,
        3.8213725090026855,
        3.707956075668335,
        2.645528554916382,
        3.166111469268799,
        3.3239216804504395,
        3.789022207260132,
        4.18073844909668,
        3.0240070819854736,
        2.220066785812378,
        3.0628602504730225,
        3.020545244216919,
        2.94614839553833,
        2.4259519577026367
    ],
    "average_incremental_accuracy_mean": [
        93.6500015258789,
        87.86250305175781,
        85.18055725097656,
        82.94478607177734,
        81.07182312011719,
        79.6348648071289,
        78.15947723388672,
        77.13250732421875,
        76.031982421875,
        75.04178619384766,
        74.2483139038086,
        73.53526306152344,
        72.83136749267578,
        72.05131530761719,
        71.3067855834961,
        70.64347839355469,
        69.98572540283203,
        69.38837432861328,
        68.9078140258789,
        68.42680358886719,
        67.98924255371094,
        67.56968688964844,
        67.17232513427734,
        66.83988952636719,
        66.50309753417969
    ],
    "average_incremental_accuracy_std": [
        3.4884731769561768,
        2.638819456100464,
        1.740851879119873,
        1.9096348285675049,
        1.6155208349227905,
        1.4300341606140137,
        1.7596808671951294,
        1.77815842628479,
        1.7794870138168335,
        1.632702350616455,
        1.616471529006958,
        1.5112597942352295,
        1.5367869138717651,
        1.431782603263855,
        1.4411916732788086,
        1.3621349334716797,
        1.3027710914611816,
        1.3172900676727295,
        1.2914618253707886,
        1.242536187171936,
        1.2035466432571411,
        1.1643457412719727,
        1.1330186128616333,
        1.1270484924316406,
        1.104151964187622
    ],
    "forgetting_measure_mean": [
        0.0,
        21.149999618530273,
        19.825000762939453,
        22.149999618530273,
        23.5,
        24.1299991607666,
        27.383331298828125,
        25.957141876220703,
        28.643749237060547,
        29.63333511352539,
        29.30499839782715,
        29.804546356201172,
        31.11666488647461,
        33.57692337036133,
        34.617855072021484,
        34.630001068115234,
        35.89374923706055,
        35.98235321044922,
        34.89167022705078,
        35.88947296142578,
        35.92250061035156,
        36.29047775268555,
        36.64318084716797,
        35.776084899902344,
        36.55833053588867
    ],
    "forgetting_measure_std": [
        0.0,
        9.32752799987793,
        5.298125743865967,
        5.371650695800781,
        3.7393367290496826,
        3.6790852546691895,
        5.942783355712891,
        4.204549312591553,
        5.392417907714844,
        3.1945598125457764,
        4.425208568572998,
        3.006882905960083,
        4.264535903930664,
        4.279478549957275,
        2.842275381088257,
        3.2808637619018555,
        3.6628828048706055,
        4.283926010131836,
        4.681385517120361,
        3.2829477787017822,
        2.3057730197906494,
        3.2939047813415527,
        3.274691104888916,
        3.068035125732422,
        2.587545156478882
    ],
    "backward_transfer_mean": [
        0.0,
        -21.149999618530273,
        -19.825000762939453,
        -22.149999618530273,
        -23.5,
        -24.1299991607666,
        -27.383331298828125,
        -25.957141876220703,
        -28.643749237060547,
        -29.63333511352539,
        -29.30499839782715,
        -29.804546356201172,
        -31.11666488647461,
        -33.57692337036133,
        -34.617855072021484,
        -34.630001068115234,
        -35.89374923706055,
        -35.98235321044922,
        -34.89167022705078,
        -35.88947296142578,
        -35.92250061035156,
        -36.29047775268555,
        -36.64318084716797,
        -35.776084899902344,
        -36.55833053588867
    ],
    "backward_transfer_std": [
        0.0,
        9.32752799987793,
        5.298125743865967,
        5.371650695800781,
        3.7393367290496826,
        3.6790852546691895,
        5.942783355712891,
        4.204549312591553,
        5.392417907714844,
        3.1945598125457764,
        4.425208568572998,
        3.006882905960083,
        4.264535903930664,
        4.279478549957275,
        2.842275381088257,
        3.2808637619018555,
        3.6628828048706055,
        4.283926010131836,
        4.681385517120361,
        3.2829477787017822,
        2.3057730197906494,
        3.2939047813415527,
        3.274691104888916,
        3.068035125732422,
        2.587545156478882
    ],
    "average_final_accuracy": [
        55.52000045776367,
        59.29999923706055,
        63.47999954223633,
        60.099998474121094,
        56.599998474121094,
        58.0,
        57.47999954223633,
        60.5,
        56.84000015258789,
        56.380001068115234
    ]
}