{
    "average_accuracy_mean": [
        85.0250015258789,
        76.8125,
        69.16667175292969,
        63.73749923706055,
        57.48999786376953,
        55.29582977294922,
        53.246429443359375,
        52.09375,
        50.78333282470703,
        49.442501068115234,
        49.6363639831543,
        44.929161071777344,
        44.80961608886719
    ],
    "average_accuracy_std": [
        4.3372578620910645,
        3.2163050174713135,
        4.634978294372559,
        6.228281497955322,
        3.9504425525665283,
        3.7172675132751465,
        4.64277982711792,
        2.7054872512817383,
        2.877077102661133,
        3.4674885272979736,
        2.934997320175171,
        2.148522138595581,
        3.1630759239196777
    ],
    "average_incremental_accuracy_mean": [
        85.0250015258789,
        80.91874694824219,
        77.00138854980469,
        73.6854248046875,
        70.44632720947266,
        67.92124938964844,
        65.82484436035156,
        64.10845947265625,
        62.627891540527344,
        61.309349060058594,
        60.2481689453125,
        58.971588134765625,
        57.8822021484375
    ],
    "average_incremental_accuracy_std": [
        4.3372578620910645,
        3.1313893795013428,
        3.1339974403381348,
        3.5025646686553955,
        3.3842859268188477,
        3.134805917739868,
        2.9524645805358887,
        2.5426454544067383,
        2.3888180255889893,
        2.3697197437286377,
        2.271592140197754,
        2.113551378250122,
        1.999565839767456
    ],
    "forgetting_measure_mean": [
        0.0,
        18.149999618530273,
        25.424999237060547,
        30.941665649414062,
        37.243751525878906,
        38.814998626708984,
        40.412498474121094,
        41.22142791748047,
        42.515625,
        43.84722137451172,
        43.474998474121094,
        48.470458984375,
        48.36042022705078
    ],
    "forgetting_measure_std": [
        0.0,
        7.119222640991211,
        7.187518119812012,
        8.450020790100098,
        5.093777656555176,
        5.045077323913574,
        5.913778781890869,
        3.72768497467041,
        3.4857800006866455,
        3.9650449752807617,
        3.360100269317627,
        2.4779112339019775,
        3.5484414100646973
    ],
    "backward_transfer_mean": [
        0.0,
        -18.149999618530273,
        -25.424999237060547,
        -30.941665649414062,
        -37.243751525878906,
        -38.814998626708984,
        -40.412498474121094,
        -41.22142791748047,
        -42.515625,
        -43.84722137451172,
        -43.474998474121094,
        -48.470458984375,
        -48.36042022705078
    ],
    "backward_transfer_std": [
        0.0,
        7.119222640991211,
        7.187518119812012,
        8.450020790100098,
        5.093777656555176,
        5.045077323913574,
        5.913778781890869,
        3.72768497467041,
        3.4857800006866455,
        3.9650449752807617,
        3.360100269317627,
        2.4779112339019775,
        3.5484414100646973
    ],
    "average_final_accuracy": [
        43.480770111083984,
        43.30769348144531,
        43.88461685180664,
        44.480770111083984,
        42.69230651855469,
        41.86538314819336,
        43.846153259277344,
        52.61538314819336,
        47.88461685180664,
        44.03845977783203
    ]
}