{
    "accuracy_matrix": [
        [
            28.360000610351562,
            10.460000038146973
        ],
        [
            2.619999885559082,
            34.400001525878906
        ]
    ],
    "average_accuracy": [
        28.360000610351562,
        22.43000030517578
    ],
    "average_incremental_accuracy": [
        28.360000610351562,
        25.395000457763672
    ],
    "forgetting_measure": [
        0.0,
        17.900001525878906
    ],
    "backward_transfer": [
        0.0,
        -17.900001525878906
    ]
}