{
    "accuracy_matrix": [
        [
            0.009999999776482582
        ]
    ],
    "average_accuracy": [
        0.009999999776482582
    ],
    "average_incremental_accuracy": [
        0.009999999776482582
    ],
    "forgetting_measure": [
        0.0
    ],
    "backward_transfer": [
        0.0
    ]
}