{
    "accuracy_matrix": [
        [
            0.746999979019165,
            0.0,
            0.0,
            0.0,
            0.0,
            0.0,
            0.0,
            0.0,
            0.0,
            0.0
        ],
        [
            0.0,
            0.7900000214576721,
            0.0,
            0.0,
            0.0,
            0.0,
            0.0,
            0.0,
            0.0,
            0.0
        ],
        [
            0.0,
            0.0,
            0.8149999976158142,
            0.0,
            0.0,
            0.0,
            0.0,
            0.0,
            0.0,
            0.0
        ],
        [
            0.0,
            0.0,
            0.0,
            0.8500000238418579,
            0.0,
            0.0,
            0.0,
            0.0,
            0.0,
            0.0
        ],
        [
            0.0,
            0.0,
            0.0,
            0.0,
            0.7979999780654907,
            0.0,
            0.0,
            0.0,
            0.0,
            0.0
        ],
        [
            0.0,
            0.0,
            0.0,
            0.0,
            0.0,
            0.8349999785423279,
            0.0,
            0.0,
            0.0,
            0.0
        ],
        [
            0.0,
            0.0,
            0.0,
            0.0,
            0.0,
            0.0,
            0.8289999961853027,
            0.0,
            0.0,
            0.0
        ],
        [
            0.0,
            0.0,
            0.0,
            0.0,
            0.0,
            0.0,
            0.0,
            0.8009999990463257,
            0.0,
            0.0
        ],
        [
            0.0,
            0.0,
            0.0,
            0.0,
            0.0,
            0.0,
            0.0,
            0.0,
            0.8659999966621399,
            0.0
        ],
        [
            0.0,
            0.0,
            0.0,
            0.0,
            0.0,
            0.0,
            0.0,
            0.0,
            0.0,
            0.8389999866485596
        ]
    ],
    "average_accuracy": [
        0.746999979019165,
        0.39500001072883606,
        0.27166667580604553,
        0.21250000596046448,
        0.15959998965263367,
        0.1391666680574417,
        0.11842857301235199,
        0.10012499988079071,
        0.09622222185134888,
        0.08389999717473984
    ],
    "average_incremental_accuracy": [
        0.746999979019165,
        0.5709999799728394,
        0.4712221920490265,
        0.406541645526886,
        0.3571533262729645,
        0.32082220911979675,
        0.2919088304042816,
        0.2679358720779419,
        0.2488565742969513,
        0.23236091434955597
    ],
    "forgetting_measure": [
        0.0,
        0.746999979019165,
        0.7684999704360962,
        0.7839999794960022,
        0.8005000352859497,
        0.800000011920929,
        0.8058333396911621,
        0.8091428279876709,
        0.8081250190734863,
        0.8145555257797241
    ],
    "backward_transfer": [
        0.0,
        -0.746999979019165,
        -0.7684999704360962,
        -0.7839999794960022,
        -0.8005000352859497,
        -0.800000011920929,
        -0.8058333396911621,
        -0.8091428875923157,
        -0.8081250190734863,
        -0.8145555853843689
    ]
}