{
    "accuracy_matrix": [
        [
            0.6740999817848206
        ]
    ],
    "average_accuracy": [
        0.6740999817848206
    ],
    "average_incremental_accuracy": [
        0.6740999817848206
    ],
    "forgetting_measure": [
        0.0
    ],
    "backward_transfer": [
        0.0
    ]
}