{
    "accuracy_matrix": [
        [
            0.6685000061988831
        ]
    ],
    "average_accuracy": [
        0.6685000061988831
    ],
    "average_incremental_accuracy": [
        0.6685000061988831
    ],
    "forgetting_measure": [
        0.0
    ],
    "backward_transfer": [
        0.0
    ]
}