{
    "average_accuracy_mean": [
        99.9488754272461,
        92.36630249023438,
        80.29327392578125,
        67.4467544555664,
        59.47260284423828
    ],
    "average_accuracy_std": [
        0.0,
        0.0,
        0.0,
        0.0,
        0.0
    ],
    "average_incremental_accuracy_mean": [
        99.9488754272461,
        96.1575927734375,
        90.8694839477539,
        85.01380157470703,
        79.90556335449219
    ],
    "average_incremental_accuracy_std": [
        0.0,
        0.0,
        0.0,
        0.0,
        0.0
    ],
    "forgetting_measure_mean": [
        0.0,
        14.621673583984375,
        29.212099075317383,
        43.064659118652344,
        50.37995529174805
    ],
    "forgetting_measure_std": [
        0.0,
        0.0,
        0.0,
        0.0,
        0.0
    ],
    "backward_transfer_mean": [
        0.0,
        -14.621673583984375,
        -29.212099075317383,
        -43.06465530395508,
        -50.37995529174805
    ],
    "backward_transfer_std": [
        0.0,
        0.0,
        0.0,
        0.0,
        0.0
    ],
    "average_final_accuracy": [
        59.47260284423828
    ]
}