{
    "average_accuracy_mean": [
        99.9509048461914,
        89.13794708251953,
        65.51325225830078,
        73.76101684570312,
        65.57975769042969
    ],
    "average_accuracy_std": [
        0.0,
        0.0,
        0.0,
        0.0,
        0.0
    ],
    "average_incremental_accuracy_mean": [
        99.9509048461914,
        94.54442596435547,
        84.86737060546875,
        82.09078216552734,
        78.78857421875
    ],
    "average_incremental_accuracy_std": [
        0.0,
        0.0,
        0.0,
        0.0,
        0.0
    ],
    "forgetting_measure_mean": [
        0.0,
        21.30583953857422,
        51.42047882080078,
        34.706817626953125,
        42.816429138183594
    ],
    "forgetting_measure_std": [
        0.0,
        0.0,
        0.0,
        0.0,
        0.0
    ],
    "backward_transfer_mean": [
        0.0,
        -21.30583953857422,
        -51.42047882080078,
        -34.706817626953125,
        -42.816429138183594
    ],
    "backward_transfer_std": [
        0.0,
        0.0,
        0.0,
        0.0,
        0.0
    ],
    "average_final_accuracy": [
        65.57975769042969
    ]
}