{
    "average_accuracy_mean": [
        99.76359558105469,
        99.5885009765625,
        73.40802001953125,
        71.11373901367188,
        74.2059326171875
    ],
    "average_accuracy_std": [
        0.0,
        0.0,
        0.0,
        0.0,
        0.0
    ],
    "average_incremental_accuracy_mean": [
        99.76359558105469,
        99.6760482788086,
        90.9200439453125,
        85.96846771240234,
        83.61595916748047
    ],
    "average_incremental_accuracy_std": [
        0.0,
        0.0,
        0.0,
        0.0,
        0.0
    ],
    "forgetting_measure_mean": [
        0.0,
        0.3782501220703125,
        39.64077377319336,
        38.350215911865234,
        32.106040954589844
    ],
    "forgetting_measure_std": [
        0.0,
        0.0,
        0.0,
        0.0,
        0.0
    ],
    "backward_transfer_mean": [
        0.0,
        -0.3782501220703125,
        -39.64077377319336,
        -38.350215911865234,
        -32.106040954589844
    ],
    "backward_transfer_std": [
        0.0,
        0.0,
        0.0,
        0.0,
        0.0
    ],
    "average_final_accuracy": [
        74.2059326171875
    ]
}