{
    "average_accuracy_mean": [
        99.78034973144531,
        87.10546875,
        77.48478698730469,
        70.85234069824219,
        65.0379867553711
    ],
    "average_accuracy_std": [
        0.26498621702194214,
        8.044502258300781,
        4.821598052978516,
        7.367995738983154,
        6.9247212409973145
    ],
    "average_incremental_accuracy_mean": [
        99.78034973144531,
        93.44290924072266,
        88.12354278564453,
        83.80573272705078,
        80.05218505859375
    ],
    "average_incremental_accuracy_std": [
        0.26498621702194214,
        4.119088172912598,
        2.333622932434082,
        2.532114028930664,
        2.9737610816955566
    ],
    "forgetting_measure_mean": [
        0.0,
        25.418285369873047,
        33.48838806152344,
        38.62776565551758,
        43.46875762939453
    ],
    "forgetting_measure_std": [
        0.0,
        15.946691513061523,
        7.2655439376831055,
        9.853218078613281,
        8.684834480285645
    ],
    "backward_transfer_mean": [
        0.0,
        -25.418285369873047,
        -33.48838806152344,
        -38.62776565551758,
        -43.46875762939453
    ],
    "backward_transfer_std": [
        0.0,
        15.946691513061523,
        7.2655439376831055,
        9.853217124938965,
        8.684834480285645
    ],
    "average_final_accuracy": [
        66.25172424316406,
        49.10620880126953,
        68.73054504394531,
        68.29891204833984,
        68.54096984863281,
        75.19283294677734,
        64.00174713134766,
        66.57685852050781,
        59.31862258911133,
        64.36145782470703
    ]
}