{
    "average_accuracy_mean": [
        99.94974517822266,
        92.36180877685547,
        84.11023712158203,
        74.99268341064453,
        62.196044921875
    ],
    "average_accuracy_std": [
        0.0,
        0.0,
        0.0,
        0.0,
        0.0
    ],
    "average_incremental_accuracy_mean": [
        99.94974517822266,
        96.15577697753906,
        92.14059448242188,
        87.8536148071289,
        82.72209930419922
    ],
    "average_incremental_accuracy_std": [
        0.0,
        0.0,
        0.0,
        0.0,
        0.0
    ],
    "forgetting_measure_mean": [
        0.0,
        15.226127624511719,
        23.763370513916016,
        33.15142822265625,
        47.11119842529297
    ],
    "forgetting_measure_std": [
        0.0,
        0.0,
        0.0,
        0.0,
        0.0
    ],
    "backward_transfer_mean": [
        0.0,
        -15.226127624511719,
        -23.763370513916016,
        -33.151432037353516,
        -47.11119842529297
    ],
    "backward_transfer_std": [
        0.0,
        0.0,
        0.0,
        0.0,
        0.0
    ],
    "average_final_accuracy": [
        62.196044921875
    ]
}