{
    "average_accuracy_mean": [
        100.0,
        77.86007690429688,
        75.1747817993164,
        77.3533706665039,
        51.8277473449707
    ],
    "average_accuracy_std": [
        0.0,
        0.0,
        0.0,
        0.0,
        0.0
    ],
    "average_incremental_accuracy_mean": [
        100.0,
        88.93003845214844,
        84.3449478149414,
        82.59705352783203,
        76.44319152832031
    ],
    "average_incremental_accuracy_std": [
        0.0,
        0.0,
        0.0,
        0.0,
        0.0
    ],
    "forgetting_measure_mean": [
        0.0,
        44.08123016357422,
        36.90414047241211,
        29.904043197631836,
        59.9967155456543
    ],
    "forgetting_measure_std": [
        0.0,
        0.0,
        0.0,
        0.0,
        0.0
    ],
    "backward_transfer_mean": [
        0.0,
        -44.08123016357422,
        -36.90414047241211,
        -29.904043197631836,
        -59.9967155456543
    ],
    "backward_transfer_std": [
        0.0,
        0.0,
        0.0,
        0.0,
        0.0
    ],
    "average_final_accuracy": [
        51.8277473449707
    ]
}