{
    "average_accuracy_mean": [
        99.42708587646484,
        98.43798828125,
        89.43721771240234,
        73.48006439208984,
        70.96228790283203
    ],
    "average_accuracy_std": [
        0.0,
        0.0,
        0.0,
        0.0,
        0.0
    ],
    "average_incremental_accuracy_mean": [
        99.42708587646484,
        98.93254089355469,
        95.7674331665039,
        90.19559478759766,
        86.34893035888672
    ],
    "average_incremental_accuracy_std": [
        0.0,
        0.0,
        0.0,
        0.0,
        0.0
    ],
    "forgetting_measure_mean": [
        0.0,
        2.3958358764648438,
        15.48007583618164,
        35.117183685302734,
        36.05302810668945
    ],
    "forgetting_measure_std": [
        0.0,
        0.0,
        0.0,
        0.0,
        0.0
    ],
    "backward_transfer_mean": [
        0.0,
        -2.3958358764648438,
        -15.48007583618164,
        -35.117183685302734,
        -36.05302429199219
    ],
    "backward_transfer_std": [
        0.0,
        0.0,
        0.0,
        0.0,
        0.0
    ],
    "average_final_accuracy": [
        70.96228790283203
    ]
}