{
    "average_accuracy_mean": [
        100.0,
        98.91252899169922,
        67.73560333251953,
        67.15694427490234,
        70.9820327758789
    ],
    "average_accuracy_std": [
        0.0,
        0.0,
        0.0,
        0.0,
        0.0
    ],
    "average_incremental_accuracy_mean": [
        100.0,
        99.45626831054688,
        88.8827133178711,
        83.4512710571289,
        80.9574203491211
    ],
    "average_incremental_accuracy_std": [
        0.0,
        0.0,
        0.0,
        0.0,
        0.0
    ],
    "forgetting_measure_mean": [
        0.0,
        2.1749420166015625,
        48.11014175415039,
        43.58321762084961,
        36.03014373779297
    ],
    "forgetting_measure_std": [
        0.0,
        0.0,
        0.0,
        0.0,
        0.0
    ],
    "backward_transfer_mean": [
        0.0,
        -2.1749420166015625,
        -48.11014175415039,
        -43.583221435546875,
        -36.03014373779297
    ],
    "backward_transfer_std": [
        0.0,
        0.0,
        0.0,
        0.0,
        0.0
    ],
    "average_final_accuracy": [
        70.9820327758789
    ]
}