{
    "average_accuracy_mean": [
        99.84109497070312,
        87.35436248779297,
        78.84541320800781,
        69.20108032226562,
        67.94581604003906
    ],
    "average_accuracy_std": [
        0.12370596081018448,
        9.27636432647705,
        5.976473331451416,
        6.257340908050537,
        6.856550216674805
    ],
    "average_incremental_accuracy_mean": [
        99.84109497070312,
        93.59773254394531,
        88.6802978515625,
        83.81048583984375,
        80.63755798339844
    ],
    "average_incremental_accuracy_std": [
        0.12370596081018448,
        4.597682952880859,
        4.385279655456543,
        4.183619976043701,
        3.5295588970184326
    ],
    "forgetting_measure_mean": [
        0.0,
        25.055810928344727,
        31.520803451538086,
        40.882301330566406,
        39.91145706176758
    ],
    "forgetting_measure_std": [
        0.0,
        18.624393463134766,
        8.973177909851074,
        8.355315208435059,
        8.584906578063965
    ],
    "backward_transfer_mean": [
        0.0,
        -25.055810928344727,
        -31.520803451538086,
        -40.882301330566406,
        -39.91145706176758
    ],
    "backward_transfer_std": [
        0.0,
        18.624393463134766,
        8.973177909851074,
        8.355314254760742,
        8.584906578063965
    ],
    "average_final_accuracy": [
        69.36833190917969,
        64.40205383300781,
        59.410743713378906,
        73.97206115722656,
        70.41484069824219,
        73.46092224121094,
        72.80006408691406,
        71.64582061767578,
        70.78638458251953,
        53.1968994140625
    ]
}