{
    "average_accuracy_mean": [
        75.14017486572266,
        62.79240798950195,
        55.6086311340332,
        49.04218292236328
    ],
    "average_accuracy_std": [
        4.050229072570801,
        4.73004150390625,
        1.3983259201049805,
        2.7462239265441895
    ],
    "average_incremental_accuracy_mean": [
        75.14017486572266,
        68.96629333496094,
        64.51374053955078,
        60.645851135253906
    ],
    "average_incremental_accuracy_std": [
        4.050229072570801,
        3.020292282104492,
        2.0258054733276367,
        1.3797420263290405
    ],
    "forgetting_measure_mean": [
        0.0,
        29.167856216430664,
        35.85758590698242,
        41.265174865722656
    ],
    "forgetting_measure_std": [
        0.0,
        6.043046951293945,
        1.5750110149383545,
        3.063112735748291
    ],
    "backward_transfer_mean": [
        0.0,
        -29.167856216430664,
        -35.85758590698242,
        -41.265174865722656
    ],
    "backward_transfer_std": [
        0.0,
        6.043046951293945,
        1.5750110149383545,
        3.0631139278411865
    ],
    "average_final_accuracy": [
        44.54241180419922,
        49.40178680419922,
        50.26785659790039,
        47.96428680419922,
        51.25669860839844,
        48.61830139160156,
        46.92633819580078,
        46.984375,
        49.91517639160156,
        54.54464340209961
    ]
}