{
    "average_accuracy_mean": [
        78.55000305175781,
        64.19999694824219,
        54.48333740234375,
        51.44062423706055,
        47.23749923706055,
        44.952083587646484,
        40.885719299316406
    ],
    "average_accuracy_std": [
        7.81362771987915,
        5.774013996124268,
        6.007781982421875,
        5.0227227210998535,
        2.8389949798583984,
        4.414919853210449,
        2.6955177783966064
    ],
    "average_incremental_accuracy_mean": [
        78.55000305175781,
        71.375,
        65.74443817138672,
        62.168495178222656,
        59.18229293823242,
        56.81058883666992,
        54.535606384277344
    ],
    "average_incremental_accuracy_std": [
        7.81362771987915,
        6.6246724128723145,
        6.194961071014404,
        5.596176624298096,
        4.770885467529297,
        4.414946556091309,
        3.81158185005188
    ],
    "forgetting_measure_mean": [
        0.0,
        29.5625,
        38.03125,
        40.03333282470703,
        44.037498474121094,
        45.20249938964844,
        48.681251525878906
    ],
    "forgetting_measure_std": [
        0.0,
        9.680530548095703,
        9.167577743530273,
        6.288946628570557,
        3.7000961303710938,
        5.098630428314209,
        3.1559126377105713
    ],
    "backward_transfer_mean": [
        0.0,
        -29.5625,
        -38.03125,
        -40.03333282470703,
        -44.037498474121094,
        -45.20249938964844,
        -48.681251525878906
    ],
    "backward_transfer_std": [
        0.0,
        9.680530548095703,
        9.167577743530273,
        6.288946628570557,
        3.7000961303710938,
        5.098630428314209,
        3.1559126377105713
    ],
    "average_final_accuracy": [
        40.32143020629883,
        42.69643020629883,
        44.55356979370117,
        39.21428680419922,
        37.08928680419922,
        40.5,
        40.25,
        41.71428680419922,
        45.10714340209961,
        37.41071319580078
    ]
}