{
    "average_accuracy_mean": [
        79.1500015258789,
        69.375,
        62.44165802001953,
        51.303123474121094,
        46.037498474121094,
        42.13750076293945,
        41.06607437133789
    ],
    "average_accuracy_std": [
        8.132326126098633,
        8.054393768310547,
        6.879788398742676,
        4.622537136077881,
        3.602435350418091,
        3.2690441608428955,
        2.565152645111084
    ],
    "average_incremental_accuracy_mean": [
        79.1500015258789,
        74.26249694824219,
        70.32221984863281,
        65.56744384765625,
        61.661460876464844,
        58.4074592590332,
        55.93012237548828
    ],
    "average_incremental_accuracy_std": [
        8.132326126098633,
        7.374341011047363,
        6.566901206970215,
        5.705191612243652,
        5.106043338775635,
        4.425529956817627,
        3.9314398765563965
    ],
    "forgetting_measure_mean": [
        0.0,
        24.475000381469727,
        28.46875,
        38.545833587646484,
        42.765625,
        46.97999954223633,
        47.67916488647461
    ],
    "forgetting_measure_std": [
        0.0,
        10.550605773925781,
        8.746142387390137,
        5.66886043548584,
        3.5255532264709473,
        3.8741631507873535,
        3.0880870819091797
    ],
    "backward_transfer_mean": [
        0.0,
        -24.475000381469727,
        -28.46875,
        -38.545833587646484,
        -42.765625,
        -46.97999954223633,
        -47.67916488647461
    ],
    "backward_transfer_std": [
        0.0,
        10.550605773925781,
        8.746142387390137,
        5.66886043548584,
        3.5255532264709473,
        3.8741631507873535,
        3.0880870819091797
    ],
    "average_final_accuracy": [
        44.94643020629883,
        37.91071319580078,
        41.19643020629883,
        40.0,
        40.46428680419922,
        36.875,
        41.76785659790039,
        40.51785659790039,
        44.625,
        42.35714340209961
    ]
}