{
    "average_accuracy_mean": [
        75.9124984741211,
        63.48125076293945,
        52.962501525878906,
        48.375,
        43.095001220703125,
        40.81666946411133,
        40.9375
    ],
    "average_accuracy_std": [
        6.5574517250061035,
        4.611847877502441,
        2.4485015869140625,
        2.744312286376953,
        1.7232800722122192,
        1.6949225664138794,
        3.027372121810913
    ],
    "average_incremental_accuracy_mean": [
        75.9124984741211,
        69.6968765258789,
        64.1187515258789,
        60.18281173706055,
        56.76525115966797,
        54.107154846191406,
        52.22577667236328
    ],
    "average_incremental_accuracy_std": [
        6.5574517250061035,
        5.228046894073486,
        3.7146434783935547,
        2.9604172706604004,
        2.253014087677002,
        1.8847836256027222,
        1.7936969995498657
    ],
    "forgetting_measure_mean": [
        0.0,
        30.0,
        40.35625076293945,
        42.849998474121094,
        47.51250076293945,
        48.970001220703125,
        49.881248474121094
    ],
    "forgetting_measure_std": [
        0.0,
        6.271629333496094,
        3.8284671306610107,
        3.8145275115966797,
        2.782174587249756,
        2.2000885009765625,
        3.659018039703369
    ],
    "backward_transfer_mean": [
        0.0,
        -30.0,
        -40.35625076293945,
        -42.849998474121094,
        -47.51250076293945,
        -48.970001220703125,
        -49.881248474121094
    ],
    "backward_transfer_std": [
        0.0,
        6.271629333496094,
        3.8284671306610107,
        3.8145275115966797,
        2.782174587249756,
        2.2000885009765625,
        3.659018039703369
    ],
    "average_final_accuracy": [
        45.26785659790039,
        41.05356979370117,
        39.60714340209961,
        39.58928680419922,
        46.64285659790039,
        41.83928680419922,
        39.85714340209961,
        39.875,
        39.41071319580078,
        36.23214340209961
    ]
}