{
    "average_accuracy_mean": [
        78.44166564941406,
        65.23957824707031,
        57.02083206176758,
        52.476036071777344,
        47.30583953857422,
        44.070831298828125,
        41.397621154785156
    ],
    "average_accuracy_std": [
        3.482163429260254,
        2.443678855895996,
        2.0213756561279297,
        2.5856659412384033,
        1.720533013343811,
        1.8330047130584717,
        1.909289002418518
    ],
    "average_incremental_accuracy_mean": [
        78.44166564941406,
        71.84062194824219,
        66.90069580078125,
        63.294532775878906,
        60.0967903137207,
        57.42580032348633,
        55.13605880737305
    ],
    "average_incremental_accuracy_std": [
        3.482163429260254,
        2.421182632446289,
        1.9082777500152588,
        1.5458745956420898,
        1.2397156953811646,
        0.9965370893478394,
        0.8771608471870422
    ],
    "forgetting_measure_mean": [
        0.0,
        29.35416603088379,
        36.48124694824219,
        39.31111145019531,
        43.91041564941406,
        46.850833892822266,
        49.20138931274414
    ],
    "forgetting_measure_std": [
        0.0,
        4.938520431518555,
        1.9085584878921509,
        3.5324292182922363,
        2.7217581272125244,
        2.434258222579956,
        2.320631504058838
    ],
    "backward_transfer_mean": [
        0.0,
        -29.35416603088379,
        -36.48124694824219,
        -39.31111145019531,
        -43.91041564941406,
        -46.850833892822266,
        -49.20138931274414
    ],
    "backward_transfer_std": [
        0.0,
        4.938520431518555,
        1.9085584878921509,
        3.5324292182922363,
        2.7217581272125244,
        2.4342575073242188,
        2.3206324577331543
    ],
    "average_final_accuracy": [
        44.94643020629883,
        39.880950927734375,
        41.26785659790039,
        40.761905670166016,
        41.05356979370117,
        37.96428680419922,
        41.011905670166016,
        42.869049072265625,
        41.0476188659668,
        43.1726188659668
    ]
}