{
    "average_accuracy_mean": [
        91.8499984741211,
        85.2249984741211,
        79.23333740234375,
        75.8125,
        75.82999420166016,
        73.0,
        71.52143096923828,
        71.4625015258789,
        69.70555114746094,
        66.93000030517578,
        67.25909423828125,
        65.08333587646484,
        64.15384674072266,
        64.25357055664062,
        61.33000564575195,
        61.849998474121094,
        61.085289001464844,
        60.36944580078125,
        58.54210662841797,
        58.68000411987305,
        59.05952072143555,
        58.68181610107422,
        58.39564895629883,
        57.431251525878906,
        58.1140022277832
    ],
    "average_accuracy_std": [
        4.3655853271484375,
        3.134596347808838,
        5.980523586273193,
        6.6610002517700195,
        5.034999847412109,
        6.56273078918457,
        3.9328341484069824,
        5.011722564697266,
        4.990254878997803,
        4.422869682312012,
        3.3856799602508545,
        3.1382739543914795,
        1.9484648704528809,
        2.7807981967926025,
        2.8781189918518066,
        3.2838714122772217,
        3.2510159015655518,
        2.864870071411133,
        3.8436310291290283,
        4.318721771240234,
        2.2581634521484375,
        2.4837396144866943,
        2.535855531692505,
        2.2127416133880615,
        2.3992974758148193
    ],
    "average_incremental_accuracy_mean": [
        91.8499984741211,
        88.5374984741211,
        85.43611145019531,
        83.03021240234375,
        81.59016418457031,
        80.1584701538086,
        78.92460632324219,
        77.9918441772461,
        77.0711441040039,
        76.0570297241211,
        75.25721740722656,
        74.40939331054688,
        73.6205062866211,
        72.9514389038086,
        72.17667388916016,
        71.53125762939453,
        70.91679382324219,
        70.33082580566406,
        69.71036529541016,
        69.15885162353516,
        68.67793273925781,
        68.22355651855469,
        67.79625701904297,
        67.3643798828125,
        66.99436950683594
    ],
    "average_incremental_accuracy_std": [
        4.3655853271484375,
        3.2845652103424072,
        3.7991201877593994,
        3.9098379611968994,
        3.993950128555298,
        3.9313929080963135,
        3.411874532699585,
        3.117997646331787,
        2.7482008934020996,
        2.4709644317626953,
        2.262195587158203,
        1.9975782632827759,
        1.826156497001648,
        1.7704485654830933,
        1.6567400693893433,
        1.5730491876602173,
        1.5054782629013062,
        1.4960452318191528,
        1.3893200159072876,
        1.3927290439605713,
        1.3213852643966675,
        1.2692127227783203,
        1.2526966333389282,
        1.216793179512024,
        1.1987450122833252
    ],
    "forgetting_measure_mean": [
        0.0,
        12.399999618530273,
        19.600000381469727,
        22.016666412353516,
        21.162500381469727,
        23.90999984741211,
        25.450000762939453,
        25.014286041259766,
        26.543750762939453,
        29.25555419921875,
        28.59000015258789,
        30.963634490966797,
        31.745834350585938,
        31.453847885131836,
        34.657142639160156,
        33.849998474121094,
        34.443748474121094,
        35.055885314941406,
        36.900001525878906,
        36.66579055786133,
        36.18000030517578,
        36.4952392578125,
        36.772727966308594,
        37.68260955810547,
        36.947914123535156
    ],
    "forgetting_measure_std": [
        0.0,
        5.521674633026123,
        7.542656421661377,
        7.97737979888916,
        5.303971767425537,
        7.171928405761719,
        4.84118127822876,
        6.046757221221924,
        5.889834403991699,
        5.39230489730835,
        3.626277446746826,
        3.533182382583618,
        2.1731958389282227,
        2.687896490097046,
        2.9254817962646484,
        3.466176748275757,
        3.7601656913757324,
        2.9953651428222656,
        4.42893123626709,
        4.766122341156006,
        2.54219388961792,
        2.778748035430908,
        2.6887431144714355,
        2.223710060119629,
        2.6577584743499756
    ],
    "backward_transfer_mean": [
        0.0,
        -12.399999618530273,
        -19.600000381469727,
        -22.016666412353516,
        -21.162500381469727,
        -23.90999984741211,
        -25.450000762939453,
        -25.014286041259766,
        -26.543750762939453,
        -29.25555419921875,
        -28.59000015258789,
        -30.963634490966797,
        -31.745834350585938,
        -31.453847885131836,
        -34.657142639160156,
        -33.849998474121094,
        -34.443748474121094,
        -35.055885314941406,
        -36.900001525878906,
        -36.66579055786133,
        -36.18000030517578,
        -36.4952392578125,
        -36.772727966308594,
        -37.68260955810547,
        -36.947914123535156
    ],
    "backward_transfer_std": [
        0.0,
        5.521674633026123,
        7.542656421661377,
        7.97737979888916,
        5.303971767425537,
        7.171928405761719,
        4.84118127822876,
        6.046757221221924,
        5.889834403991699,
        5.39230489730835,
        3.626277446746826,
        3.533182382583618,
        2.1731958389282227,
        2.687896490097046,
        2.9254817962646484,
        3.466176748275757,
        3.7601656913757324,
        2.9953651428222656,
        4.42893123626709,
        4.766122341156006,
        2.54219388961792,
        2.778748035430908,
        2.6887431144714355,
        2.223710060119629,
        2.6577584743499756
    ],
    "average_final_accuracy": [
        55.880001068115234,
        54.91999816894531,
        60.81999969482422,
        57.2599983215332,
        58.97999954223633,
        59.65999984741211,
        62.400001525878906,
        56.540000915527344,
        56.040000915527344,
        58.63999938964844
    ]
}