{
    "average_accuracy_mean": [
        73.9749984741211,
        62.974998474121094,
        54.195831298828125,
        49.93437576293945,
        46.50749969482422,
        42.318748474121094,
        41.2446403503418
    ],
    "average_accuracy_std": [
        6.267974376678467,
        3.619272232055664,
        5.065544128417969,
        4.303393363952637,
        4.271937847137451,
        4.750446796417236,
        2.9240806102752686
    ],
    "average_incremental_accuracy_mean": [
        73.9749984741211,
        68.4749984741211,
        63.71527862548828,
        60.270050048828125,
        57.517539978027344,
        54.984413146972656,
        53.021583557128906
    ],
    "average_incremental_accuracy_std": [
        6.267974376678467,
        4.649424076080322,
        4.156618118286133,
        3.5423452854156494,
        3.0224623680114746,
        2.5839123725891113,
        2.4251351356506348
    ],
    "forgetting_measure_mean": [
        0.0,
        29.287500381469727,
        38.29999923706055,
        40.258331298828125,
        43.640625,
        46.86750030517578,
        47.414581298828125
    ],
    "forgetting_measure_std": [
        0.0,
        5.260587692260742,
        3.7069051265716553,
        4.3714399337768555,
        4.875673294067383,
        4.913233757019043,
        3.508056640625
    ],
    "backward_transfer_mean": [
        0.0,
        -29.287500381469727,
        -38.29999923706055,
        -40.258331298828125,
        -43.640625,
        -46.86750030517578,
        -47.414581298828125
    ],
    "backward_transfer_std": [
        0.0,
        5.260587692260742,
        3.7069051265716553,
        4.3714399337768555,
        4.875673294067383,
        4.913233757019043,
        3.508056640625
    ],
    "average_final_accuracy": [
        44.57143020629883,
        39.67856979370117,
        42.89285659790039,
        43.23214340209961,
        37.14285659790039,
        43.73214340209961,
        43.53571319580078,
        41.46428680419922,
        36.01785659790039,
        40.17856979370117
    ]
}