{
    "average_accuracy_mean": [
        80.57499694824219,
        65.65625762939453,
        56.86944580078125,
        50.02708053588867,
        45.75666427612305,
        43.59791946411133,
        40.64047622680664
    ],
    "average_accuracy_std": [
        2.32685923576355,
        5.417336463928223,
        4.150505065917969,
        2.5780510902404785,
        2.1268956661224365,
        1.8626134395599365,
        1.432845115661621
    ],
    "average_incremental_accuracy_mean": [
        80.57499694824219,
        73.1156234741211,
        67.70023345947266,
        63.28194046020508,
        59.776893615722656,
        57.08039474487305,
        54.731834411621094
    ],
    "average_incremental_accuracy_std": [
        2.32685923576355,
        3.6576614379882812,
        3.247305154800415,
        2.7275257110595703,
        2.246690273284912,
        1.9695663452148438,
        1.7597951889038086
    ],
    "forgetting_measure_mean": [
        0.0,
        30.908334732055664,
        38.62291717529297,
        44.0069465637207,
        46.77916717529297,
        47.813331604003906,
        50.58333206176758
    ],
    "forgetting_measure_std": [
        0.0,
        5.942944526672363,
        5.18602180480957,
        3.216891288757324,
        2.551542043685913,
        1.6838109493255615,
        2.0925025939941406
    ],
    "backward_transfer_mean": [
        0.0,
        -30.908334732055664,
        -38.62291717529297,
        -44.0069465637207,
        -46.77916717529297,
        -47.813331604003906,
        -50.583335876464844
    ],
    "backward_transfer_std": [
        0.0,
        5.942944526672363,
        5.18602180480957,
        3.2168920040130615,
        2.551542043685913,
        1.6838103532791138,
        2.092503547668457
    ],
    "average_final_accuracy": [
        38.32143020629883,
        43.58928680419922,
        40.44047164916992,
        41.113094329833984,
        40.166664123535156,
        39.45238494873047,
        42.011905670166016,
        39.89285659790039,
        40.875,
        40.541664123535156
    ]
}