{
    "average_accuracy_mean": [
        78.69999694824219,
        65.76042175292969,
        55.309715270996094,
        50.52916717529297,
        47.763336181640625,
        43.34027862548828,
        39.57976150512695
    ],
    "average_accuracy_std": [
        3.1518166065216064,
        2.8018786907196045,
        2.737400531768799,
        2.726036310195923,
        2.3202950954437256,
        2.282867193222046,
        1.6796976327896118
    ],
    "average_incremental_accuracy_mean": [
        78.69999694824219,
        72.23020935058594,
        66.59004211425781,
        62.57482147216797,
        59.612525939941406,
        56.900482177734375,
        54.42609786987305
    ],
    "average_incremental_accuracy_std": [
        3.1518166065216064,
        2.3192737102508545,
        2.0732901096343994,
        1.7319217920303345,
        1.578477382659912,
        1.3399399518966675,
        1.2517945766448975
    ],
    "forgetting_measure_mean": [
        0.0,
        29.108333587646484,
        37.77708435058594,
        41.04722213745117,
        42.817710876464844,
        46.94666290283203,
        50.809722900390625
    ],
    "forgetting_measure_std": [
        0.0,
        5.273690223693848,
        3.5197315216064453,
        3.7729074954986572,
        2.7897017002105713,
        2.677656650543213,
        1.946031928062439
    ],
    "backward_transfer_mean": [
        0.0,
        -29.108333587646484,
        -37.77708435058594,
        -41.04722595214844,
        -42.817710876464844,
        -46.94666290283203,
        -50.809722900390625
    ],
    "backward_transfer_std": [
        0.0,
        5.273690223693848,
        3.5197315216064453,
        3.7729079723358154,
        2.7897019386291504,
        2.677656412124634,
        1.9460314512252808
    ],
    "average_final_accuracy": [
        41.2023811340332,
        37.273807525634766,
        37.90475845336914,
        37.4523811340332,
        39.970237731933594,
        40.78571319580078,
        40.726192474365234,
        40.24404525756836,
        38.36309814453125,
        41.875
    ]
}