{
    "average_accuracy_mean": [
        81.67500305175781,
        72.375,
        66.75833892822266,
        60.787498474121094,
        57.44000244140625,
        53.712501525878906,
        51.900001525878906,
        49.375,
        48.36944580078125,
        46.10499954223633,
        45.50909423828125,
        44.599998474121094,
        44.638465881347656
    ],
    "average_accuracy_std": [
        4.151723384857178,
        4.096492290496826,
        2.235877752304077,
        3.1027262210845947,
        3.6834304332733154,
        3.070446252822876,
        3.262026071548462,
        3.6526126861572266,
        2.074157953262329,
        3.510477066040039,
        2.5803029537200928,
        2.72609543800354,
        3.895735740661621
    ],
    "average_incremental_accuracy_mean": [
        81.67500305175781,
        77.0250015258789,
        73.60276794433594,
        70.39896392822266,
        67.80716705322266,
        65.45805358886719,
        63.52119064331055,
        61.7529182434082,
        60.265869140625,
        58.84977340698242,
        57.636985778808594,
        56.550575256347656,
        55.634254455566406
    ],
    "average_incremental_accuracy_std": [
        4.151723384857178,
        3.397456169128418,
        2.479755163192749,
        1.975325345993042,
        1.745157241821289,
        1.4225016832351685,
        1.2297083139419556,
        1.2314671277999878,
        1.2160074710845947,
        0.9936307072639465,
        1.0555425882339478,
        0.971622109413147,
        0.9024749398231506
    ],
    "forgetting_measure_mean": [
        0.0,
        20.25,
        25.924999237060547,
        32.14999771118164,
        35.54375076293945,
        39.7349967956543,
        41.295833587646484,
        43.875,
        44.68437576293945,
        46.56388854980469,
        46.909996032714844,
        47.93408966064453,
        47.58749771118164
    ],
    "forgetting_measure_std": [
        0.0,
        4.381146430969238,
        3.3815267086029053,
        3.2934656143188477,
        3.783536434173584,
        4.408517837524414,
        3.365725517272949,
        4.545912742614746,
        2.9549367427825928,
        4.240478515625,
        2.7673492431640625,
        3.176953077316284,
        4.342669486999512
    ],
    "backward_transfer_mean": [
        0.0,
        -20.25,
        -25.924999237060547,
        -32.14999771118164,
        -35.54375076293945,
        -39.7349967956543,
        -41.295833587646484,
        -43.875,
        -44.68437576293945,
        -46.56388854980469,
        -46.909996032714844,
        -47.93408966064453,
        -47.58749771118164
    ],
    "backward_transfer_std": [
        0.0,
        4.381146430969238,
        3.3815267086029053,
        3.2934656143188477,
        3.783536434173584,
        4.408517837524414,
        3.365725517272949,
        4.545912742614746,
        2.9549367427825928,
        4.240478515625,
        2.7673492431640625,
        3.176953077316284,
        4.342669486999512
    ],
    "average_final_accuracy": [
        46.730770111083984,
        51.25,
        41.61538314819336,
        42.153846740722656,
        45.21154022216797,
        48.36538314819336,
        39.730770111083984,
        48.42307662963867,
        41.80769348144531,
        41.096153259277344
    ]
}