{
    "average_accuracy_mean": [
        78.30833435058594,
        65.41458129882812,
        56.85416793823242,
        51.8239631652832,
        46.448333740234375,
        42.98611068725586,
        39.994049072265625
    ],
    "average_accuracy_std": [
        3.6052942276000977,
        2.4889297485351562,
        3.626394033432007,
        3.4599273204803467,
        3.1828742027282715,
        1.3851032257080078,
        1.5568263530731201
    ],
    "average_incremental_accuracy_mean": [
        78.30833435058594,
        71.86145782470703,
        66.85902404785156,
        63.10026168823242,
        59.769874572753906,
        56.97258377075195,
        54.54707717895508
    ],
    "average_incremental_accuracy_std": [
        3.6052942276000977,
        1.85960054397583,
        1.3118031024932861,
        1.5008190870285034,
        1.3428431749343872,
        1.1384270191192627,
        0.9796406626701355
    ],
    "forgetting_measure_mean": [
        0.0,
        26.858333587646484,
        35.52499771118164,
        39.48749542236328,
        44.598960876464844,
        47.70000076293945,
        50.598609924316406
    ],
    "forgetting_measure_std": [
        0.0,
        5.804332733154297,
        5.5620951652526855,
        4.821680068969727,
        4.101377964019775,
        1.7721611261367798,
        1.9032586812973022
    ],
    "backward_transfer_mean": [
        0.0,
        -26.858333587646484,
        -35.52499771118164,
        -39.48749542236328,
        -44.598960876464844,
        -47.70000076293945,
        -50.598609924316406
    ],
    "backward_transfer_std": [
        0.0,
        5.804332733154297,
        5.5620951652526855,
        4.821681022644043,
        4.101378440856934,
        1.7721611261367798,
        1.9032589197158813
    ],
    "average_final_accuracy": [
        39.476192474365234,
        41.69047927856445,
        39.619049072265625,
        39.16071319580078,
        38.773807525634766,
        40.34524154663086,
        42.869049072265625,
        37.988094329833984,
        38.60714340209961,
        41.41071319580078
    ]
}