{
    "average_accuracy_mean": [
        78.11250305175781,
        60.587501525878906,
        53.05833053588867,
        48.25,
        45.5474967956543,
        43.81041717529297,
        41.226783752441406
    ],
    "average_accuracy_std": [
        4.889206409454346,
        6.07935094833374,
        3.6878185272216797,
        4.952530860900879,
        4.815375328063965,
        2.689634323120117,
        1.7367914915084839
    ],
    "average_incremental_accuracy_mean": [
        78.11250305175781,
        69.3499984741211,
        63.9194450378418,
        60.00208282470703,
        57.111167907714844,
        54.894371032714844,
        52.941856384277344
    ],
    "average_incremental_accuracy_std": [
        4.889206409454346,
        4.459764003753662,
        3.1024222373962402,
        2.617185115814209,
        2.5761172771453857,
        2.340022325515747,
        1.8727744817733765
    ],
    "forgetting_measure_mean": [
        0.0,
        32.51250076293945,
        37.724998474121094,
        41.508331298828125,
        44.053123474121094,
        45.459999084472656,
        47.74791717529297
    ],
    "forgetting_measure_std": [
        0.0,
        5.3824076652526855,
        4.995501518249512,
        5.8922553062438965,
        4.61452579498291,
        3.2465834617614746,
        1.9274168014526367
    ],
    "backward_transfer_mean": [
        0.0,
        -32.51250076293945,
        -37.724998474121094,
        -41.508331298828125,
        -44.053123474121094,
        -45.459999084472656,
        -47.74791717529297
    ],
    "backward_transfer_std": [
        0.0,
        5.3824076652526855,
        4.995501518249512,
        5.8922553062438965,
        4.61452579498291,
        3.2465834617614746,
        1.9274168014526367
    ],
    "average_final_accuracy": [
        39.375,
        43.17856979370117,
        42.89285659790039,
        42.94643020629883,
        38.39285659790039,
        41.08928680419922,
        41.73214340209961,
        42.69643020629883,
        39.42856979370117,
        40.53571319580078
    ]
}