{
    "average_accuracy_mean": [
        76.31666564941406,
        65.09791564941406,
        56.42499923706055,
        50.88854217529297,
        47.25666427612305,
        43.77708053588867,
        39.85059356689453
    ],
    "average_accuracy_std": [
        3.917464256286621,
        2.5040676593780518,
        1.9970312118530273,
        1.5815587043762207,
        3.3101797103881836,
        2.7293975353240967,
        2.3955867290496826
    ],
    "average_incremental_accuracy_mean": [
        76.31666564941406,
        70.70729064941406,
        65.946533203125,
        62.182029724121094,
        59.19695281982422,
        56.626976013183594,
        54.23035430908203
    ],
    "average_incremental_accuracy_std": [
        3.917464256286621,
        2.7094967365264893,
        1.6381677389144897,
        1.3505629301071167,
        1.4187819957733154,
        1.2919219732284546,
        1.23823082447052
    ],
    "forgetting_measure_mean": [
        0.0,
        28.04583168029785,
        35.41458511352539,
        40.645835876464844,
        43.62083053588867,
        46.972496032714844,
        50.89791488647461
    ],
    "forgetting_measure_std": [
        0.0,
        2.8955886363983154,
        2.0759694576263428,
        2.1869919300079346,
        3.648749828338623,
        3.0119643211364746,
        2.5070033073425293
    ],
    "backward_transfer_mean": [
        0.0,
        -28.04583168029785,
        -35.41458511352539,
        -40.645835876464844,
        -43.62083053588867,
        -46.972496032714844,
        -50.89791488647461
    ],
    "backward_transfer_std": [
        0.0,
        2.8955886363983154,
        2.0759694576263428,
        2.1869924068450928,
        3.648749351501465,
        3.0119643211364746,
        2.507002830505371
    ],
    "average_final_accuracy": [
        40.55952072143555,
        44.916664123535156,
        38.51190185546875,
        41.02381134033203,
        39.69047927856445,
        36.86904525756836,
        39.773807525634766,
        38.98809814453125,
        41.48214340209961,
        36.69047927856445
    ]
}