{
    "average_accuracy_mean": [
        84.2750015258789,
        71.38749694824219,
        65.88333892822266,
        60.162498474121094,
        55.2550048828125,
        51.72083282470703,
        50.42142868041992,
        47.59687423706055,
        46.39722442626953,
        46.40749740600586,
        45.900001525878906,
        44.04999923706055,
        42.732688903808594
    ],
    "average_accuracy_std": [
        5.4050517082214355,
        5.960358142852783,
        4.626513481140137,
        4.699586391448975,
        5.124529838562012,
        3.6256144046783447,
        3.075892448425293,
        3.4215681552886963,
        2.2536754608154297,
        3.6007728576660156,
        3.3584141731262207,
        4.063790321350098,
        3.1191611289978027
    ],
    "average_incremental_accuracy_mean": [
        84.2750015258789,
        77.83125305175781,
        73.8486099243164,
        70.42708587646484,
        67.39266204833984,
        64.78069305419922,
        62.7293701171875,
        60.83781051635742,
        59.233306884765625,
        57.950721740722656,
        56.855201721191406,
        55.7880973815918,
        54.783836364746094
    ],
    "average_incremental_accuracy_std": [
        5.4050517082214355,
        4.354819297790527,
        4.2115044593811035,
        3.930947780609131,
        3.0986595153808594,
        2.7770206928253174,
        2.387950897216797,
        2.37235426902771,
        2.1377177238464355,
        2.0538933277130127,
        1.9544028043746948,
        1.8400202989578247,
        1.6192536354064941
    ],
    "forgetting_measure_mean": [
        0.0,
        26.549999237060547,
        29.612499237060547,
        33.39999771118164,
        37.662498474121094,
        40.4900016784668,
        41.375,
        43.89285659790039,
        44.92499923706055,
        44.625003814697266,
        44.9525032043457,
        47.022727966308594,
        48.53333282470703
    ],
    "forgetting_measure_std": [
        0.0,
        8.5381498336792,
        4.240368843078613,
        4.4641571044921875,
        7.172914028167725,
        4.262810230255127,
        4.247412204742432,
        3.732137680053711,
        2.9735231399536133,
        3.8428096771240234,
        3.5815589427948,
        4.368710994720459,
        3.3635807037353516
    ],
    "backward_transfer_mean": [
        0.0,
        -26.549999237060547,
        -29.612499237060547,
        -33.39999771118164,
        -37.662498474121094,
        -40.4900016784668,
        -41.375,
        -43.89285659790039,
        -44.92499923706055,
        -44.625003814697266,
        -44.9525032043457,
        -47.022727966308594,
        -48.53333282470703
    ],
    "backward_transfer_std": [
        0.0,
        8.5381498336792,
        4.240368843078613,
        4.4641571044921875,
        7.172914028167725,
        4.262810230255127,
        4.247412204742432,
        3.732137680053711,
        2.9735231399536133,
        3.8428096771240234,
        3.5815589427948,
        4.368710994720459,
        3.3635807037353516
    ],
    "average_final_accuracy": [
        43.730770111083984,
        44.730770111083984,
        45.13461685180664,
        43.5,
        46.769229888916016,
        40.519229888916016,
        39.28845977783203,
        40.03845977783203,
        45.94230651855469,
        37.67307662963867
    ]
}