{
    "average_accuracy_mean": [
        98.60664367675781,
        88.16813659667969,
        80.61150360107422,
        85.8437728881836,
        87.36531066894531
    ],
    "average_accuracy_std": [
        0.0,
        0.0,
        0.0,
        0.0,
        0.0
    ],
    "average_incremental_accuracy_mean": [
        98.60664367675781,
        93.38739013671875,
        89.1287612915039,
        88.3075180053711,
        88.11907196044922
    ],
    "average_incremental_accuracy_std": [
        0.0,
        0.0,
        0.0,
        0.0,
        0.0
    ],
    "forgetting_measure_mean": [
        0.0,
        21.43622589111328,
        27.85079002380371,
        17.899023056030273,
        14.937623977661133
    ],
    "forgetting_measure_std": [
        0.0,
        0.0,
        0.0,
        0.0,
        0.0
    ],
    "backward_transfer_mean": [
        0.0,
        -21.43622589111328,
        -27.85079002380371,
        -17.899023056030273,
        -14.902164459228516
    ],
    "backward_transfer_std": [
        0.0,
        0.0,
        0.0,
        0.0,
        0.0
    ],
    "average_final_accuracy": [
        87.36531066894531
    ]
}