{
    "average_accuracy_mean": [
        98.87310028076172,
        97.48719787597656,
        85.64239501953125,
        78.46963500976562,
        83.46238708496094
    ],
    "average_accuracy_std": [
        0.0,
        0.0,
        0.0,
        0.0,
        0.0
    ],
    "average_incremental_accuracy_mean": [
        98.87310028076172,
        98.18014526367188,
        94.00089263916016,
        90.11808013916016,
        88.78694152832031
    ],
    "average_incremental_accuracy_std": [
        0.0,
        0.0,
        0.0,
        0.0,
        0.0
    ],
    "forgetting_measure_mean": [
        0.0,
        3.331695556640625,
        20.594894409179688,
        27.686927795410156,
        19.665695190429688
    ],
    "forgetting_measure_std": [
        0.0,
        0.0,
        0.0,
        0.0,
        0.0
    ],
    "backward_transfer_mean": [
        0.0,
        -3.331695556640625,
        -20.594894409179688,
        -27.686927795410156,
        -19.665695190429688
    ],
    "backward_transfer_std": [
        0.0,
        0.0,
        0.0,
        0.0,
        0.0
    ],
    "average_final_accuracy": [
        83.46238708496094
    ]
}