{
    "average_accuracy_mean": [
        99.70178985595703,
        95.94361114501953,
        81.97083282470703,
        86.91548156738281,
        90.65791320800781
    ],
    "average_accuracy_std": [
        0.0,
        0.0,
        0.0,
        0.0,
        0.0
    ],
    "average_incremental_accuracy_mean": [
        99.70178985595703,
        97.82270050048828,
        92.53874969482422,
        91.1329345703125,
        91.03792572021484
    ],
    "average_incremental_accuracy_std": [
        0.0,
        0.0,
        0.0,
        0.0,
        0.0
    ],
    "forgetting_measure_mean": [
        0.0,
        7.405570983886719,
        26.499034881591797,
        16.919313430786133,
        11.05900764465332
    ],
    "forgetting_measure_std": [
        0.0,
        0.0,
        0.0,
        0.0,
        0.0
    ],
    "backward_transfer_mean": [
        0.0,
        -7.405570983886719,
        -26.499034881591797,
        -16.919313430786133,
        -11.05900764465332
    ],
    "backward_transfer_std": [
        0.0,
        0.0,
        0.0,
        0.0,
        0.0
    ],
    "average_final_accuracy": [
        90.65791320800781
    ]
}