{
    "average_accuracy_mean": [
        99.16584777832031,
        98.26454162597656,
        88.37045288085938,
        86.86103057861328,
        88.120361328125
    ],
    "average_accuracy_std": [
        0.0,
        0.0,
        0.0,
        0.0,
        0.0
    ],
    "average_incremental_accuracy_mean": [
        99.16584777832031,
        98.71519470214844,
        95.2669448852539,
        93.16546630859375,
        92.15644836425781
    ],
    "average_incremental_accuracy_std": [
        0.0,
        0.0,
        0.0,
        0.0,
        0.0
    ],
    "forgetting_measure_mean": [
        0.0,
        2.1589813232421875,
        16.609420776367188,
        16.628868103027344,
        14.120099067687988
    ],
    "forgetting_measure_std": [
        0.0,
        0.0,
        0.0,
        0.0,
        0.0
    ],
    "backward_transfer_mean": [
        0.0,
        -2.1589813232421875,
        -16.609420776367188,
        -16.628868103027344,
        -14.120099067687988
    ],
    "backward_transfer_std": [
        0.0,
        0.0,
        0.0,
        0.0,
        0.0
    ],
    "average_final_accuracy": [
        88.120361328125
    ]
}