{
    "average_accuracy_mean": [
        99.23734283447266,
        96.7896957397461,
        90.60382080078125,
        88.48194122314453,
        89.31298828125
    ],
    "average_accuracy_std": [
        0.34934815764427185,
        1.7215018272399902,
        5.765902996063232,
        4.987549304962158,
        4.004386901855469
    ],
    "average_incremental_accuracy_mean": [
        99.23734283447266,
        98.0135269165039,
        95.54362487792969,
        93.77820587158203,
        92.88516235351562
    ],
    "average_incremental_accuracy_std": [
        0.34934815764427185,
        0.9196375012397766,
        1.9530543088912964,
        1.897389531135559,
        2.004640817642212
    ],
    "forgetting_measure_mean": [
        0.0,
        5.11282205581665,
        13.028402328491211,
        14.455060958862305,
        12.479209899902344
    ],
    "forgetting_measure_std": [
        0.0,
        3.5722594261169434,
        8.711159706115723,
        6.701954364776611,
        4.963117599487305
    ],
    "backward_transfer_mean": [
        0.0,
        -5.11282205581665,
        -13.028402328491211,
        -14.455060958862305,
        -12.479209899902344
    ],
    "backward_transfer_std": [
        0.0,
        3.5722594261169434,
        8.711159706115723,
        6.701954364776611,
        4.963117599487305
    ],
    "average_final_accuracy": [
        81.11395263671875,
        94.9753646850586,
        86.56038665771484,
        90.89460754394531,
        90.5338134765625,
        88.63866424560547,
        91.66650390625,
        92.46174621582031,
        85.42106628417969,
        90.86383056640625
    ]
}