{
    "accuracy_matrix": [
        [
            0.9225000143051147,
            0.9100000262260437
        ],
        [
            0.9225000143051147,
            0.925000011920929
        ]
    ],
    "average_accuracy": [
        0.9225000143051147,
        0.9175000190734863
    ],
    "average_incremental_accuracy": [
        0.9225000143051147,
        0.9200000166893005
    ],
    "forgetting_measure": [
        0.0,
        0.012499988079071045
    ],
    "backward_transfer": [
        0.0,
        -0.012499988079071045
    ]
}