{
    "average_accuracy_mean": [
        67.80000305175781,
        63.962501525878906,
        62.650001525878906,
        61.068748474121094,
        57.97999954223633,
        56.29999923706055,
        55.753578186035156,
        54.16875076293945,
        53.9666633605957,
        51.790000915527344,
        51.54091262817383,
        51.368751525878906,
        50.32692337036133
    ],
    "average_accuracy_std": [
        3.54886531829834,
        5.113316535949707,
        3.9912703037261963,
        3.5781757831573486,
        4.121367454528809,
        3.9269368648529053,
        4.090752601623535,
        3.2620036602020264,
        3.2112619876861572,
        2.8715362548828125,
        2.9577836990356445,
        2.1319572925567627,
        1.1050209999084473
    ],
    "average_incremental_accuracy_mean": [
        67.80000305175781,
        65.8812484741211,
        64.80416107177734,
        63.87031173706055,
        62.6922492980957,
        61.62687301635742,
        60.78783416748047,
        59.96044921875,
        59.294471740722656,
        58.54402542114258,
        57.907371520996094,
        57.36248779296875,
        56.82129669189453
    ],
    "average_incremental_accuracy_std": [
        3.54886531829834,
        3.8333842754364014,
        3.5954689979553223,
        2.7949111461639404,
        2.448357582092285,
        2.4540493488311768,
        2.4895501136779785,
        2.5302577018737793,
        2.538787364959717,
        2.51208758354187,
        2.4816694259643555,
        2.410034656524658,
        2.201059103012085
    ],
    "forgetting_measure_mean": [
        0.0,
        5.724999904632568,
        7.324999809265137,
        8.850000381469727,
        11.506250381469727,
        12.065000534057617,
        12.891667366027832,
        14.178570747375488,
        14.528124809265137,
        16.44444465637207,
        16.637500762939453,
        16.690908432006836,
        19.085418701171875
    ],
    "forgetting_measure_std": [
        0.0,
        5.223411560058594,
        4.127819061279297,
        2.982666015625,
        2.7866015434265137,
        3.449883222579956,
        3.46177339553833,
        2.3947811126708984,
        2.363708972930908,
        2.1735801696777344,
        2.9957666397094727,
        2.3017141819000244,
        2.1838364601135254
    ],
    "backward_transfer_mean": [
        0.0,
        -5.474999904632568,
        -7.099999904632568,
        -8.591666221618652,
        -11.293749809265137,
        -11.85999870300293,
        -12.658333778381348,
        -13.978570938110352,
        -14.303125381469727,
        -16.244441986083984,
        -16.434999465942383,
        -16.495454788208008,
        -18.90625
    ],
    "backward_transfer_std": [
        0.0,
        5.575803279876709,
        4.302696228027344,
        3.389446496963501,
        3.1131789684295654,
        3.7581615447998047,
        3.6429049968719482,
        2.5311663150787354,
        2.4707512855529785,
        2.2940473556518555,
        3.1031835079193115,
        2.4260125160217285,
        2.2058916091918945
    ],
    "average_final_accuracy": [
        50.17307662963867,
        48.38461685180664,
        50.55769348144531,
        50.519229888916016,
        51.07692337036133,
        49.13461685180664,
        51.80769348144531,
        51.403846740722656,
        51.019229888916016,
        49.19230651855469
    ]
}