{
    "accuracy_matrix": [
        [
            0.6710000038146973,
            0.0,
            0.0,
            0.0,
            0.0,
            0.0,
            0.0,
            0.0,
            0.0,
            0.0
        ],
        [
            0.0,
            0.6990000009536743,
            0.0,
            0.0,
            0.0,
            0.0,
            0.0,
            0.0,
            0.0,
            0.0
        ],
        [
            0.0,
            0.0,
            0.6769999861717224,
            0.0,
            0.0,
            0.0,
            0.0,
            0.0,
            0.0,
            0.0
        ],
        [
            0.0,
            0.0,
            0.0,
            0.7630000114440918,
            0.0,
            0.0,
            0.0,
            0.0,
            0.0,
            0.0
        ],
        [
            0.0,
            0.0,
            0.0,
            0.0,
            0.7080000042915344,
            0.0,
            0.0,
            0.0,
            0.0,
            0.0
        ],
        [
            0.0,
            0.0,
            0.0,
            0.0,
            0.0,
            0.7590000033378601,
            0.0,
            0.0,
            0.0,
            0.0
        ],
        [
            0.0,
            0.0,
            0.0,
            0.0,
            0.0,
            0.0,
            0.7549999952316284,
            0.0,
            0.0,
            0.0
        ],
        [
            0.0,
            0.0,
            0.0,
            0.0,
            0.0,
            0.0,
            0.0,
            0.7059999704360962,
            0.0,
            0.0
        ],
        [
            0.0,
            0.0,
            0.0,
            0.0,
            0.0,
            0.0,
            0.0,
            0.0,
            0.7639999985694885,
            0.0
        ],
        [
            0.0,
            0.0,
            0.0,
            0.0,
            0.0,
            0.0,
            0.0,
            0.0,
            0.0,
            0.7149999737739563
        ]
    ],
    "average_accuracy": [
        0.6710000038146973,
        0.34950000047683716,
        0.22566665709018707,
        0.19075000286102295,
        0.14159999787807465,
        0.1264999955892563,
        0.10785714536905289,
        0.08824999630451202,
        0.08488889038562775,
        0.07149999588727951
    ],
    "average_incremental_accuracy": [
        0.6710000038146973,
        0.5102499723434448,
        0.4153888523578644,
        0.3592291474342346,
        0.3157033324241638,
        0.28416943550109863,
        0.25898197293281555,
        0.23764047026634216,
        0.22066807746887207,
        0.20575127005577087
    ],
    "forgetting_measure": [
        0.0,
        0.6710000038146973,
        0.6850000023841858,
        0.6823333501815796,
        0.7024999856948853,
        0.7035999894142151,
        0.7128333449363708,
        0.7188571691513062,
        0.7172499895095825,
        0.7224444150924683
    ],
    "backward_transfer": [
        0.0,
        -0.6710000038146973,
        -0.6850000023841858,
        -0.6823332905769348,
        -0.7024999856948853,
        -0.7035999894142151,
        -0.7128333449363708,
        -0.7188571691513062,
        -0.7172499895095825,
        -0.7224444150924683
    ]
}