{
    "average_accuracy_mean": [
        73.34375,
        63.625,
        56.802085876464844,
        49.87812423706055
    ],
    "average_accuracy_std": [
        5.22308349609375,
        8.311912536621094,
        7.819125175476074,
        3.376477003097534
    ],
    "average_incremental_accuracy_mean": [
        73.34375,
        68.484375,
        64.59027099609375,
        60.9122428894043
    ],
    "average_incremental_accuracy_std": [
        5.22308349609375,
        5.522022247314453,
        5.559765815734863,
        4.5893073081970215
    ],
    "forgetting_measure_mean": [
        0.0,
        29.125,
        33.36249923706055,
        40.39374923706055
    ],
    "forgetting_measure_std": [
        0.0,
        11.466095924377441,
        8.389397621154785,
        3.981274366378784
    ],
    "backward_transfer_mean": [
        0.0,
        -29.125,
        -33.36249923706055,
        -40.39374923706055
    ],
    "backward_transfer_std": [
        0.0,
        11.466095924377441,
        8.389397621154785,
        3.981274366378784
    ],
    "average_final_accuracy": [
        48.25,
        52.0,
        49.15625,
        47.671875,
        57.140625,
        49.703125,
        52.484375,
        45.15625,
        47.03125,
        50.1875
    ]
}