{
    "average_accuracy_mean": [
        79.19999694824219,
        67.68000030517578,
        60.14666748046875,
        55.47999954223633
    ],
    "average_accuracy_std": [
        6.460649013519287,
        3.4069066047668457,
        3.5116937160491943,
        3.1887705326080322
    ],
    "average_incremental_accuracy_mean": [
        79.19999694824219,
        73.44000244140625,
        69.0088882446289,
        65.62666320800781
    ],
    "average_incremental_accuracy_std": [
        6.460649013519287,
        4.3616790771484375,
        2.871114492416382,
        1.7885631322860718
    ],
    "forgetting_measure_mean": [
        0.0,
        23.479999542236328,
        32.57999801635742,
        36.94666290283203
    ],
    "forgetting_measure_std": [
        0.0,
        4.566400051116943,
        6.516672134399414,
        4.577820777893066
    ],
    "backward_transfer_mean": [
        0.0,
        -23.479999542236328,
        -32.57999801635742,
        -36.9466667175293
    ],
    "backward_transfer_std": [
        0.0,
        4.566400051116943,
        6.516672134399414,
        4.577820777893066
    ]
}