{
    "average_accuracy_mean": [
        81.1500015258789,
        80.57499694824219,
        79.3499984741211,
        77.75,
        76.8699951171875,
        76.15833282470703,
        76.85713958740234,
        75.38749694824219,
        74.82221984863281,
        74.81499481201172,
        74.82727813720703,
        74.33333587646484,
        72.90384674072266,
        72.80357360839844,
        72.17666625976562,
        72.6624984741211,
        72.27647399902344,
        70.58333587646484,
        70.34474182128906,
        70.26249694824219,
        70.509521484375,
        70.89090728759766,
        71.0478286743164,
        71.02915954589844,
        70.3759994506836
    ],
    "average_accuracy_std": [
        7.933928489685059,
        4.575068473815918,
        4.972423553466797,
        2.3884851932525635,
        2.9276657104492188,
        3.291743516921997,
        2.584620952606201,
        3.1638967990875244,
        3.4757449626922607,
        3.011094331741333,
        2.7154457569122314,
        2.2973415851593018,
        2.099219560623169,
        2.9214119911193848,
        2.445962905883789,
        1.963192105293274,
        2.9927566051483154,
        3.3676984310150146,
        2.726996660232544,
        2.613433361053467,
        2.3376810550689697,
        1.9922025203704834,
        1.4572899341583252,
        0.7931403517723083,
        1.4410417079925537
    ],
    "average_incremental_accuracy_mean": [
        81.1500015258789,
        80.86250305175781,
        80.35833740234375,
        79.70625305175781,
        79.13899993896484,
        78.64222717285156,
        78.38721466064453,
        78.01225280761719,
        77.65779876708984,
        77.37351989746094,
        77.14204406738281,
        76.9079818725586,
        76.5999755859375,
        76.32880401611328,
        76.05198669433594,
        75.84014892578125,
        75.6305160522461,
        75.3501205444336,
        75.08668518066406,
        74.84547424316406,
        74.63899993896484,
        74.4686279296875,
        74.31990051269531,
        74.18278503417969,
        74.03050994873047
    ],
    "average_incremental_accuracy_std": [
        7.933928489685059,
        4.892401218414307,
        4.359086036682129,
        3.6400907039642334,
        3.232003688812256,
        3.039397954940796,
        2.783457040786743,
        2.6203501224517822,
        2.576977252960205,
        2.5237038135528564,
        2.4138641357421875,
        2.273576259613037,
        2.170891523361206,
        2.059530019760132,
        1.9731462001800537,
        1.885055422782898,
        1.828768253326416,
        1.7793256044387817,
        1.748802900314331,
        1.7239253520965576,
        1.7187579870224,
        1.7043155431747437,
        1.6847201585769653,
        1.6388894319534302,
        1.6150199174880981
    ],
    "forgetting_measure_mean": [
        0.0,
        4.050000190734863,
        6.099999904632568,
        6.783333778381348,
        8.162500381469727,
        8.539999961853027,
        7.824999809265137,
        9.185714721679688,
        9.3125,
        9.155555725097656,
        9.354999542236328,
        9.290909767150879,
        10.75,
        10.80769157409668,
        11.739285469055176,
        11.056666374206543,
        11.731249809265137,
        13.40294075012207,
        13.408334732055664,
        13.43157958984375,
        13.194997787475586,
        12.921427726745605,
        12.643180847167969,
        12.567392349243164,
        13.441667556762695
    ],
    "forgetting_measure_std": [
        0.0,
        3.148632764816284,
        2.7593276500701904,
        2.8835954666137695,
        3.731458902359009,
        2.9766499996185303,
        2.5369036197662354,
        2.9767045974731445,
        2.370060682296753,
        2.3714985847473145,
        2.2450501918792725,
        1.754595160484314,
        1.5863760709762573,
        2.2796013355255127,
        2.29364013671875,
        1.9651941061019897,
        3.2668235301971436,
        3.681135416030884,
        2.882413387298584,
        2.951287269592285,
        2.374453067779541,
        1.4390729665756226,
        1.2277427911758423,
        0.8794398307800293,
        1.1926586627960205
    ],
    "backward_transfer_mean": [
        0.0,
        -3.75,
        -5.875,
        -6.466667175292969,
        -7.787499904632568,
        -8.100000381469727,
        -7.391666412353516,
        -8.678571701049805,
        -8.818750381469727,
        -8.644444465637207,
        -8.844999313354492,
        -8.754545211791992,
        -10.16249942779541,
        -10.146154403686523,
        -11.092856407165527,
        -10.376666069030762,
        -11.024999618530273,
        -12.652941703796387,
        -12.655555725097656,
        -12.642104148864746,
        -12.385000228881836,
        -12.116666793823242,
        -11.83863639831543,
        -11.767390251159668,
        -12.65625
    ],
    "backward_transfer_std": [
        0.0,
        3.676124095916748,
        2.806861639022827,
        2.915264129638672,
        3.8001508712768555,
        2.9284048080444336,
        2.462073564529419,
        3.0669496059417725,
        2.3224167823791504,
        2.542127847671509,
        2.3411121368408203,
        1.8229987621307373,
        1.5943149328231812,
        2.438514232635498,
        2.4929721355438232,
        2.19275164604187,
        3.386836290359497,
        3.8315603733062744,
        2.9698472023010254,
        3.118644952774048,
        2.5502777099609375,
        1.4854823350906372,
        1.3295162916183472,
        1.0587670803070068,
        1.313702940940857
    ],
    "average_final_accuracy": [
        71.81999969482422,
        70.30000305175781,
        70.66000366210938,
        67.66000366210938,
        70.5999984741211,
        71.04000091552734,
        68.08000183105469,
        70.63999938964844,
        72.13999938964844,
        70.81999969482422
    ]
}