{
    "accuracy_matrix": [
        [
            0.7605000138282776,
            0.0,
            0.0,
            0.0,
            0.0
        ],
        [
            0.0,
            0.8040000200271606,
            0.0,
            0.0,
            0.0
        ],
        [
            0.0,
            0.0,
            0.7599999904632568,
            0.0,
            0.0
        ],
        [
            0.0,
            0.0,
            0.0,
            0.7875000238418579,
            0.0
        ],
        [
            0.0,
            0.0,
            0.0,
            0.0,
            0.8245000243186951
        ]
    ],
    "average_accuracy": [
        0.7605000138282776,
        0.4020000100135803,
        0.25333333015441895,
        0.19687500596046448,
        0.164900004863739
    ],
    "average_incremental_accuracy": [
        0.7605000138282776,
        0.581250011920929,
        0.4719444513320923,
        0.40317708253860474,
        0.35552164912223816
    ],
    "forgetting_measure": [
        0.0,
        0.7605000138282776,
        0.7822500467300415,
        0.7748333215713501,
        0.777999997138977
    ],
    "backward_transfer": [
        0.0,
        -0.7605000138282776,
        -0.7822500467300415,
        -0.7748333811759949,
        -0.777999997138977
    ]
}