{
    "average_accuracy_mean": [
        58.5625,
        52.11249923706055,
        50.208335876464844,
        46.587501525878906,
        44.467498779296875,
        43.31666564941406,
        41.86785888671875
    ],
    "average_accuracy_std": [
        14.068193435668945,
        8.571331024169922,
        6.282354831695557,
        5.757162570953369,
        3.9997236728668213,
        3.840583324432373,
        2.191514730453491
    ],
    "average_incremental_accuracy_mean": [
        58.5625,
        55.337501525878906,
        53.627777099609375,
        51.867706298828125,
        50.387664794921875,
        49.209163665771484,
        48.16040802001953
    ],
    "average_incremental_accuracy_std": [
        14.068193435668945,
        10.781665802001953,
        8.805241584777832,
        7.474512100219727,
        6.441516876220703,
        5.690864086151123,
        4.926303863525391
    ],
    "forgetting_measure_mean": [
        0.0,
        8.125,
        10.96875,
        12.520833015441895,
        14.243749618530273,
        15.704999923706055,
        16.57499885559082
    ],
    "forgetting_measure_std": [
        0.0,
        2.6411540508270264,
        4.518024444580078,
        2.299208879470825,
        2.6516830921173096,
        3.101339340209961,
        2.587533712387085
    ],
    "backward_transfer_mean": [
        0.0,
        -8.125,
        -10.96875,
        -12.520833015441895,
        -14.243749618530273,
        -15.704999923706055,
        -16.57499885559082
    ],
    "backward_transfer_std": [
        0.0,
        2.6411540508270264,
        4.518024444580078,
        2.299208879470825,
        2.6516830921173096,
        3.101339340209961,
        2.587533712387085
    ],
    "average_final_accuracy": [
        39.16071319580078,
        43.41071319580078,
        43.26785659790039,
        40.91071319580078,
        42.23214340209961,
        38.53571319580078,
        44.21428680419922,
        39.33928680419922,
        43.875,
        43.73214340209961
    ]
}