{
    "accuracy_matrix": [
        [
            0.654699981212616
        ]
    ],
    "average_accuracy": [
        0.654699981212616
    ],
    "average_incremental_accuracy": [
        0.654699981212616
    ],
    "forgetting_measure": [
        0.0
    ],
    "backward_transfer": [
        0.0
    ]
}