{
    "average_accuracy_mean": [
        79.5,
        70.44999694824219,
        61.17333221435547,
        55.7400016784668
    ],
    "average_accuracy_std": [
        5.78983736038208,
        3.4030210971832275,
        3.2531394958496094,
        4.808372974395752
    ],
    "average_incremental_accuracy_mean": [
        79.5,
        74.97499084472656,
        70.37444305419922,
        66.71582794189453
    ],
    "average_incremental_accuracy_std": [
        5.78983736038208,
        4.106717586517334,
        3.3452212810516357,
        3.2724103927612305
    ],
    "forgetting_measure_mean": [
        0.0,
        21.1200008392334,
        31.96000099182129,
        36.65333557128906
    ],
    "forgetting_measure_std": [
        0.0,
        4.691551208496094,
        2.9025659561157227,
        4.981129169464111
    ],
    "backward_transfer_mean": [
        0.0,
        -21.1200008392334,
        -31.96000099182129,
        -36.6533317565918
    ],
    "backward_transfer_std": [
        0.0,
        4.691551208496094,
        2.9025659561157227,
        4.9811296463012695
    ],
    "average_final_accuracy": [
        55.29999923706055,
        50.04999542236328,
        52.5,
        51.04999923706055,
        59.75,
        62.10000228881836,
        63.849998474121094,
        57.30000305175781,
        52.29999923706055,
        53.20000457763672
    ]
}