{
    "average_accuracy_mean": [
        80.22000122070312,
        69.11000061035156,
        62.186668395996094,
        55.974998474121094
    ],
    "average_accuracy_std": [
        3.311192274093628,
        2.883457899093628,
        3.208444356918335,
        3.1813042163848877
    ],
    "average_incremental_accuracy_mean": [
        80.22000122070312,
        74.66500091552734,
        70.50556945800781,
        66.87291717529297
    ],
    "average_incremental_accuracy_std": [
        3.311192274093628,
        2.4896504878997803,
        2.1225316524505615,
        1.849006175994873
    ],
    "forgetting_measure_mean": [
        0.0,
        24.67999839782715,
        31.6200008392334,
        37.29999923706055
    ],
    "forgetting_measure_std": [
        0.0,
        4.133546829223633,
        5.126575469970703,
        3.760253429412842
    ],
    "backward_transfer_mean": [
        0.0,
        -24.67999839782715,
        -31.6200008392334,
        -37.29999923706055
    ],
    "backward_transfer_std": [
        0.0,
        4.133546829223633,
        5.1265764236450195,
        3.7602531909942627
    ],
    "average_final_accuracy": [
        55.400001525878906,
        57.94999694824219,
        53.04999923706055,
        56.10000228881836,
        58.900001525878906,
        49.349998474121094,
        60.25,
        57.900001525878906,
        56.70000076293945,
        54.150001525878906
    ]
}