{
    "accuracy_matrix": [
        [
            0.3521000146865845
        ]
    ],
    "average_accuracy": [
        0.3521000146865845
    ],
    "average_incremental_accuracy": [
        0.3521000146865845
    ],
    "forgetting_measure": [
        0.0
    ],
    "backward_transfer": [
        0.0
    ]
}