{
    "average_accuracy_mean": [
        38.662498474121094,
        34.15312576293945,
        30.268749237060547,
        38.896873474121094
    ],
    "average_accuracy_std": [
        4.854408264160156,
        1.3270072937011719,
        1.2456116676330566,
        2.193904399871826
    ],
    "average_incremental_accuracy_mean": [
        38.662498474121094,
        36.407814025878906,
        34.36145782470703,
        35.49531173706055
    ],
    "average_incremental_accuracy_std": [
        4.854408264160156,
        2.4652583599090576,
        1.4336262941360474,
        0.9890360832214355
    ],
    "forgetting_measure_mean": [
        0.0,
        11.537500381469727,
        14.190625190734863,
        15.633333206176758
    ],
    "forgetting_measure_std": [
        0.0,
        3.19099760055542,
        1.4586644172668457,
        2.188507318496704
    ],
    "backward_transfer_mean": [
        0.0,
        -11.537500381469727,
        -14.190625190734863,
        -15.633333206176758
    ],
    "backward_transfer_std": [
        0.0,
        3.19099760055542,
        1.4586644172668457,
        2.188507318496704
    ],
    "average_final_accuracy": [
        39.140625,
        36.34375,
        38.21875,
        36.09375,
        38.28125,
        42.96875,
        38.84375,
        38.109375,
        42.1875,
        38.78125
    ]
}