{
    "average_accuracy_mean": [
        78.4000015258789,
        73.30000305175781,
        65.73332977294922,
        61.54999923706055
    ],
    "average_accuracy_std": [
        0.0,
        0.0,
        0.0,
        0.0
    ],
    "average_incremental_accuracy_mean": [
        78.4000015258789,
        75.85000610351562,
        72.477783203125,
        69.74583435058594
    ],
    "average_incremental_accuracy_std": [
        0.0,
        0.0,
        0.0,
        0.0
    ],
    "forgetting_measure_mean": [
        0.0,
        22.60000228881836,
        25.300003051757812,
        28.533334732055664
    ],
    "forgetting_measure_std": [
        0.0,
        0.0,
        0.0,
        0.0
    ],
    "backward_transfer_mean": [
        0.0,
        -22.60000228881836,
        -25.300003051757812,
        -28.53333282470703
    ],
    "backward_transfer_std": [
        0.0,
        0.0,
        0.0,
        0.0
    ]
}