{
    "accuracy_matrix": [
        [
            0.46399998664855957,
            0.0,
            0.0,
            0.0,
            0.0,
            0.0,
            0.0,
            0.0,
            0.0,
            0.0
        ],
        [
            0.0,
            0.47099998593330383,
            0.0,
            0.0,
            0.0,
            0.0,
            0.0,
            0.0,
            0.0,
            0.0
        ],
        [
            0.0,
            0.0,
            0.4569999873638153,
            0.0,
            0.0,
            0.0,
            0.0,
            0.0,
            0.0,
            0.0
        ],
        [
            0.0,
            0.0,
            0.0,
            0.5600000023841858,
            0.0,
            0.0,
            0.0,
            0.0,
            0.0,
            0.0
        ],
        [
            0.0,
            0.0,
            0.0,
            0.0,
            0.5210000276565552,
            0.0,
            0.0,
            0.0,
            0.0,
            0.0
        ],
        [
            0.0,
            0.0,
            0.0,
            0.0,
            0.0,
            0.5239999890327454,
            0.0,
            0.0,
            0.0,
            0.0
        ],
        [
            0.0,
            0.0,
            0.0,
            0.0,
            0.0,
            0.0,
            0.5370000004768372,
            0.0,
            0.0,
            0.054999999701976776
        ],
        [
            0.0,
            0.0,
            0.0,
            0.0,
            0.0,
            0.0,
            0.0,
            0.3880000114440918,
            0.0,
            0.0
        ],
        [
            0.0,
            0.0,
            0.0,
            0.0,
            0.0,
            0.0,
            0.0,
            0.0,
            0.4050000011920929,
            0.0
        ],
        [
            0.0,
            0.0,
            0.0,
            0.0,
            0.0,
            0.0,
            0.0,
            0.0,
            0.0,
            0.03999999910593033
        ]
    ],
    "average_accuracy": [
        0.46399998664855957,
        0.23549999296665192,
        0.1523333340883255,
        0.14000000059604645,
        0.10420000553131104,
        0.0873333290219307,
        0.07671428471803665,
        0.048500001430511475,
        0.04500000178813934,
        0.009499999694526196
    ],
    "average_incremental_accuracy": [
        0.46399998664855957,
        0.34974998235702515,
        0.28394442796707153,
        0.24795831739902496,
        0.21920666098594666,
        0.19722777605056763,
        0.1800115555524826,
        0.16357260942459106,
        0.1503978818655014,
        0.13630810379981995
    ],
    "forgetting_measure": [
        0.0,
        0.46399998664855957,
        0.4674999713897705,
        0.46399998664855957,
        0.48799997568130493,
        0.49459999799728394,
        0.49950000643730164,
        0.5048571228981018,
        0.49024999141693115,
        0.480777770280838
    ],
    "backward_transfer": [
        0.0,
        -0.46399998664855957,
        -0.4674999713897705,
        -0.46399998664855957,
        -0.48799997568130493,
        -0.49459999799728394,
        -0.49950000643730164,
        -0.5048571228981018,
        -0.49024999141693115,
        -0.4746667146682739
    ]
}