{
    "average_accuracy_mean": [
        76.5999984741211,
        65.5687484741211,
        55.479164123535156,
        50.396873474121094,
        47.587501525878906,
        43.99374771118164,
        41.4232177734375
    ],
    "average_accuracy_std": [
        6.4449591636657715,
        7.16002893447876,
        6.945674419403076,
        6.61252498626709,
        3.698596715927124,
        3.617730140686035,
        1.859412670135498
    ],
    "average_incremental_accuracy_mean": [
        76.5999984741211,
        71.0843734741211,
        65.88264465332031,
        62.011199951171875,
        59.12646484375,
        56.604339599609375,
        54.43560791015625
    ],
    "average_incremental_accuracy_std": [
        6.4449591636657715,
        5.986929893493652,
        5.872474670410156,
        5.792985439300537,
        5.0553083419799805,
        4.5464863777160645,
        3.9358437061309814
    ],
    "forgetting_measure_mean": [
        0.0,
        26.237499237060547,
        34.443748474121094,
        38.95000457763672,
        41.62812423706055,
        45.162498474121094,
        47.56041717529297
    ],
    "forgetting_measure_std": [
        0.0,
        5.244193077087402,
        8.266894340515137,
        7.981624126434326,
        4.364507675170898,
        4.048477649688721,
        2.317415475845337
    ],
    "backward_transfer_mean": [
        0.0,
        -26.237499237060547,
        -34.443748474121094,
        -38.95000457763672,
        -41.62812423706055,
        -45.162498474121094,
        -47.56041717529297
    ],
    "backward_transfer_std": [
        0.0,
        5.244193077087402,
        8.266894340515137,
        7.981624126434326,
        4.364507675170898,
        4.048477649688721,
        2.317415475845337
    ],
    "average_final_accuracy": [
        43.32143020629883,
        41.01785659790039,
        39.21428680419922,
        40.71428680419922,
        44.89285659790039,
        40.76785659790039,
        39.125,
        42.46428680419922,
        42.60714340209961,
        40.10714340209961
    ]
}