{
    "accuracy_matrix": [
        [
            0.6891000270843506
        ]
    ],
    "average_accuracy": [
        0.6891000270843506
    ],
    "average_incremental_accuracy": [
        0.6891000270843506
    ],
    "forgetting_measure": [
        0.0
    ],
    "backward_transfer": [
        0.0
    ]
}