{
    "accuracy_matrix": [
        [
            0.19439999759197235
        ]
    ],
    "average_accuracy": [
        0.19439999759197235
    ],
    "average_incremental_accuracy": [
        0.19439999759197235
    ],
    "forgetting_measure": [
        0.0
    ],
    "backward_transfer": [
        0.0
    ]
}