{
    "average_accuracy_mean": [
        52.099998474121094,
        45.568748474121094,
        44.020835876464844,
        41.890625,
        40.027496337890625,
        37.72291564941406,
        39.67321014404297
    ],
    "average_accuracy_std": [
        8.998611450195312,
        4.012291431427002,
        2.0346391201019287,
        2.6528470516204834,
        1.6851251125335693,
        1.9507352113723755,
        2.282581329345703
    ],
    "average_incremental_accuracy_mean": [
        52.099998474121094,
        48.834373474121094,
        47.2298583984375,
        45.89505386352539,
        44.72153854370117,
        43.55510711669922,
        43.00054931640625
    ],
    "average_incremental_accuracy_std": [
        8.998611450195312,
        6.2398362159729,
        4.422359943389893,
        3.246579885482788,
        2.55879807472229,
        2.1255927085876465,
        1.81460702419281
    ],
    "forgetting_measure_mean": [
        0.0,
        10.675000190734863,
        10.943750381469727,
        13.304166793823242,
        14.553125381469727,
        16.80500030517578,
        19.850000381469727
    ],
    "forgetting_measure_std": [
        0.0,
        2.7164621353149414,
        2.1601364612579346,
        2.880533456802368,
        2.2258567810058594,
        2.5058765411376953,
        2.2102065086364746
    ],
    "backward_transfer_mean": [
        0.0,
        -10.675000190734863,
        -10.943750381469727,
        -13.304166793823242,
        -14.553125381469727,
        -16.80500030517578,
        -19.850000381469727
    ],
    "backward_transfer_std": [
        0.0,
        2.7164621353149414,
        2.1601364612579346,
        2.880533456802368,
        2.2258567810058594,
        2.5058765411376953,
        2.2102065086364746
    ],
    "average_final_accuracy": [
        43.51785659790039,
        42.625,
        41.96428680419922,
        37.46428680419922,
        39.03571319580078,
        39.33928680419922,
        38.57143020629883,
        36.57143020629883,
        38.33928680419922,
        39.30356979370117
    ]
}