{
    "average_accuracy_mean": [
        72.8187484741211,
        56.765625,
        47.735416412353516,
        49.76874923706055
    ],
    "average_accuracy_std": [
        3.114210605621338,
        2.5023534297943115,
        1.652866244316101,
        1.9619287252426147
    ],
    "average_incremental_accuracy_mean": [
        72.8187484741211,
        64.79219055175781,
        59.106597900390625,
        56.772132873535156
    ],
    "average_incremental_accuracy_std": [
        3.114210605621338,
        2.630997657775879,
        2.1735618114471436,
        1.8863050937652588
    ],
    "forgetting_measure_mean": [
        0.0,
        34.743751525878906,
        42.44062423706055,
        42.020835876464844
    ],
    "forgetting_measure_std": [
        0.0,
        3.172205924987793,
        1.8026823997497559,
        2.3859798908233643
    ],
    "backward_transfer_mean": [
        0.0,
        -34.743751525878906,
        -42.44062423706055,
        -42.020835876464844
    ],
    "backward_transfer_std": [
        0.0,
        3.172205924987793,
        1.8026823997497559,
        2.3859798908233643
    ],
    "average_final_accuracy": [
        50.84375,
        50.625,
        47.390625,
        51.734375,
        51.328125,
        50.015625,
        47.71875,
        46.703125,
        49.0,
        52.328125
    ]
}