{
    "average_accuracy_mean": [
        82.375,
        72.25,
        64.8499984741211,
        61.150001525878906,
        55.0,
        53.07500076293945,
        49.69285583496094,
        47.400001525878906,
        44.84722137451172,
        44.0474967956543,
        41.39545440673828,
        40.289581298828125,
        40.236541748046875
    ],
    "average_accuracy_std": [
        4.360889911651611,
        2.7335364818573,
        3.207533121109009,
        4.653273105621338,
        4.875164985656738,
        5.611998081207275,
        4.730557441711426,
        2.9160640239715576,
        4.002040863037109,
        2.4346015453338623,
        2.2305729389190674,
        2.5894205570220947,
        1.9411557912826538
    ],
    "average_incremental_accuracy_mean": [
        82.375,
        77.3125,
        73.15833282470703,
        70.15625,
        67.125,
        64.78333282470703,
        62.6275520324707,
        60.7241096496582,
        58.96001052856445,
        57.46875762939453,
        56.00754928588867,
        54.697715759277344,
        53.58531951904297
    ],
    "average_incremental_accuracy_std": [
        4.360889911651611,
        3.080657720565796,
        2.19942307472229,
        2.472292184829712,
        2.76505970954895,
        2.8602192401885986,
        2.744480609893799,
        2.452303171157837,
        2.3294053077697754,
        2.0860755443573,
        1.9354561567306519,
        1.7856069803237915,
        1.68949294090271
    ],
    "forgetting_measure_mean": [
        0.0,
        25.625,
        31.475000381469727,
        33.141666412353516,
        38.32500076293945,
        39.525001525878906,
        42.875003814697266,
        44.29642868041992,
        46.72187423706055,
        47.27777862548828,
        50.002498626708984,
        51.00681686401367,
        51.31041717529297
    ],
    "forgetting_measure_std": [
        0.0,
        4.0332818031311035,
        4.839722633361816,
        4.991049289703369,
        4.631077289581299,
        5.629251480102539,
        4.954499244689941,
        2.8923938274383545,
        3.2855443954467773,
        2.8369925022125244,
        2.3496880531311035,
        2.760218858718872,
        1.5420565605163574
    ],
    "backward_transfer_mean": [
        0.0,
        -25.625,
        -31.475000381469727,
        -33.141666412353516,
        -38.32500076293945,
        -39.525001525878906,
        -42.875003814697266,
        -44.29642868041992,
        -46.72187423706055,
        -47.27777862548828,
        -50.002498626708984,
        -51.00681686401367,
        -51.31041717529297
    ],
    "backward_transfer_std": [
        0.0,
        4.0332818031311035,
        4.839722633361816,
        4.991049289703369,
        4.631077289581299,
        5.629251480102539,
        4.954499244689941,
        2.8923938274383545,
        3.2855443954467773,
        2.8369925022125244,
        2.3496880531311035,
        2.760218858718872,
        1.5420565605163574
    ],
    "average_final_accuracy": [
        41.71154022216797,
        42.63461685180664,
        41.403846740722656,
        40.80769348144531,
        41.11538314819336,
        39.03845977783203,
        41.653846740722656,
        37.61538314819336,
        36.63461685180664,
        39.75
    ]
}