{
    "accuracy_matrix": [
        [
            27.760000228881836,
            11.239999771118164
        ],
        [
            2.680000066757202,
            34.459999084472656
        ]
    ],
    "average_accuracy": [
        27.760000228881836,
        22.849998474121094
    ],
    "average_incremental_accuracy": [
        27.760000228881836,
        25.30500030517578
    ],
    "forgetting_measure": [
        0.0,
        16.520000457763672
    ],
    "backward_transfer": [
        0.0,
        -16.520000457763672
    ]
}