{
    "average_accuracy_mean": [
        82.80000305175781,
        71.69999694824219,
        60.92000198364258,
        57.6199951171875
    ],
    "average_accuracy_std": [
        2.1817424297332764,
        3.3443994522094727,
        4.234621524810791,
        1.915595293045044
    ],
    "average_incremental_accuracy_mean": [
        82.80000305175781,
        77.25,
        71.8066635131836,
        68.25999450683594
    ],
    "average_incremental_accuracy_std": [
        2.1817424297332764,
        1.7453510761260986,
        2.224287748336792,
        1.8022931814193726
    ],
    "forgetting_measure_mean": [
        0.0,
        22.96000099182129,
        33.81999969482422,
        35.77333450317383
    ],
    "forgetting_measure_std": [
        0.0,
        6.234419822692871,
        8.2859525680542,
        3.087106943130493
    ],
    "backward_transfer_mean": [
        0.0,
        -22.96000099182129,
        -33.81999969482422,
        -35.77333068847656
    ],
    "backward_transfer_std": [
        0.0,
        6.234419822692871,
        8.2859525680542,
        3.0871052742004395
    ]
}