{
    "accuracy_matrix": [
        [
            0.24390000104904175
        ]
    ],
    "average_accuracy": [
        0.24390000104904175
    ],
    "average_incremental_accuracy": [
        0.24390000104904175
    ],
    "forgetting_measure": [
        0.0
    ],
    "backward_transfer": [
        0.0
    ]
}