{
    "average_accuracy_mean": [
        93.19999694824219,
        82.8499984741211,
        79.48333740234375,
        74.44999694824219,
        71.20000457763672,
        70.3499984741211,
        66.73571014404297,
        66.73124694824219,
        66.67778015136719,
        64.45500183105469,
        63.840911865234375,
        61.900001525878906,
        61.53076934814453,
        62.767860412597656,
        60.840003967285156,
        60.79375076293945,
        60.3441162109375,
        58.93889236450195,
        57.3631591796875,
        59.0474967956543,
        58.01428985595703,
        57.75681686401367,
        56.18260955810547,
        55.789588928222656,
        57.590003967285156
    ],
    "average_accuracy_std": [
        4.042826175689697,
        4.500308513641357,
        4.995337963104248,
        5.319709300994873,
        5.451807975769043,
        3.7934329509735107,
        3.2967474460601807,
        3.3259096145629883,
        2.0829501152038574,
        4.268908500671387,
        3.9379513263702393,
        4.554928779602051,
        3.595315456390381,
        2.5873751640319824,
        2.839700698852539,
        3.155998945236206,
        3.014289617538452,
        2.7657077312469482,
        2.70621657371521,
        3.683945894241333,
        3.8595290184020996,
        2.474364757537842,
        2.138361930847168,
        2.4668610095977783,
        2.456651210784912
    ],
    "average_incremental_accuracy_mean": [
        93.19999694824219,
        88.0250015258789,
        85.17778015136719,
        82.49583435058594,
        80.2366714477539,
        78.58888244628906,
        76.89558410644531,
        75.62503814697266,
        74.63089752197266,
        73.61331176757812,
        72.72490692138672,
        71.82283020019531,
        71.03113555908203,
        70.44090270996094,
        69.80085754394531,
        69.23789978027344,
        68.71473693847656,
        68.171630859375,
        67.60276794433594,
        67.17500305175781,
        66.73878479003906,
        66.33050537109375,
        65.88928985595703,
        65.46846771240234,
        65.15333557128906
    ],
    "average_incremental_accuracy_std": [
        4.042826175689697,
        3.925433397293091,
        3.2629706859588623,
        2.953693389892578,
        2.514092206954956,
        2.4148104190826416,
        2.2593929767608643,
        2.0726897716522217,
        1.8412789106369019,
        1.8298169374465942,
        1.800197958946228,
        1.8903875350952148,
        1.740238070487976,
        1.656679630279541,
        1.5752899646759033,
        1.5221517086029053,
        1.439517855644226,
        1.4359753131866455,
        1.3950703144073486,
        1.3583201169967651,
        1.3056036233901978,
        1.2301641702651978,
        1.1662098169326782,
        1.0716758966445923,
        0.9945476651191711
    ],
    "forgetting_measure_mean": [
        0.0,
        19.649999618530273,
        18.700000762939453,
        23.316667556762695,
        25.887500762939453,
        26.279998779296875,
        29.908334732055664,
        29.385711669921875,
        29.200000762939453,
        31.455554962158203,
        31.850000381469727,
        33.64545440673828,
        33.945831298828125,
        32.43461608886719,
        34.389286041259766,
        34.3900032043457,
        34.803123474121094,
        36.14411544799805,
        37.752777099609375,
        35.93684387207031,
        37.0150032043457,
        37.2119026184082,
        38.79090881347656,
        39.202171325683594,
        37.35625076293945
    ],
    "forgetting_measure_std": [
        0.0,
        7.553696632385254,
        5.992819786071777,
        6.4086408615112305,
        7.889305591583252,
        4.197829723358154,
        4.599290370941162,
        3.5884037017822266,
        2.8113114833831787,
        4.454833507537842,
        3.983856678009033,
        5.026549816131592,
        4.042456150054932,
        2.907801866531372,
        3.0851235389709473,
        3.169376850128174,
        3.0345969200134277,
        2.81266450881958,
        2.9075379371643066,
        3.7043139934539795,
        4.087858200073242,
        2.759519100189209,
        2.2349324226379395,
        2.6449191570281982,
        2.681372880935669
    ],
    "backward_transfer_mean": [
        0.0,
        -19.649999618530273,
        -18.700000762939453,
        -23.316667556762695,
        -25.887500762939453,
        -26.279998779296875,
        -29.908334732055664,
        -29.385711669921875,
        -29.200000762939453,
        -31.455554962158203,
        -31.850000381469727,
        -33.64545440673828,
        -33.945831298828125,
        -32.43461608886719,
        -34.389286041259766,
        -34.3900032043457,
        -34.803123474121094,
        -36.14411544799805,
        -37.752777099609375,
        -35.93684387207031,
        -37.0150032043457,
        -37.2119026184082,
        -38.79090881347656,
        -39.202171325683594,
        -37.35625076293945
    ],
    "backward_transfer_std": [
        0.0,
        7.553696632385254,
        5.992819786071777,
        6.4086408615112305,
        7.889305591583252,
        4.197829723358154,
        4.599290370941162,
        3.5884037017822266,
        2.8113114833831787,
        4.454833507537842,
        3.983856678009033,
        5.026549816131592,
        4.042456150054932,
        2.907801866531372,
        3.0851235389709473,
        3.169376850128174,
        3.0345969200134277,
        2.81266450881958,
        2.9075379371643066,
        3.7043139934539795,
        4.087858200073242,
        2.759519100189209,
        2.2349324226379395,
        2.6449191570281982,
        2.681372880935669
    ],
    "average_final_accuracy": [
        59.939998626708984,
        58.400001525878906,
        61.86000061035156,
        53.41999816894531,
        56.13999938964844,
        57.97999954223633,
        56.2599983215332,
        59.5,
        56.900001525878906,
        55.5
    ]
}