{
    "accuracy_matrix": [
        [
            0.5529999732971191,
            0.0010000000474974513,
            0.0,
            0.0,
            0.0,
            0.0,
            0.0,
            0.0,
            0.0,
            0.0
        ],
        [
            0.0,
            0.5669999718666077,
            0.0,
            0.0,
            0.0,
            0.0,
            0.0,
            0.0,
            0.0,
            0.0
        ],
        [
            0.0,
            0.0,
            0.5170000195503235,
            0.0010000000474974513,
            0.0,
            0.0,
            0.0,
            0.0,
            0.0,
            0.0
        ],
        [
            0.0,
            0.0,
            0.0,
            0.625,
            0.0,
            0.0,
            0.0,
            0.0,
            0.0,
            0.0
        ],
        [
            0.0,
            0.0,
            0.0,
            0.0,
            0.5509999990463257,
            0.0010000000474974513,
            0.0,
            0.0,
            0.0,
            0.0
        ],
        [
            0.0,
            0.0,
            0.0,
            0.0,
            0.0,
            0.5989999771118164,
            0.0,
            0.0,
            0.0,
            0.0
        ],
        [
            0.0,
            0.0,
            0.0,
            0.0,
            0.0,
            0.0,
            0.6050000190734863,
            0.0,
            0.0,
            0.0
        ],
        [
            0.0,
            0.0,
            0.0,
            0.0,
            0.0,
            0.0,
            0.0,
            0.5649999976158142,
            0.0,
            0.0
        ],
        [
            0.0,
            0.0,
            0.0,
            0.0,
            0.0,
            0.0,
            0.0,
            0.0,
            0.6000000238418579,
            0.0
        ],
        [
            0.0,
            0.0,
            0.0,
            0.0,
            0.0,
            0.0,
            0.0,
            0.0,
            0.0,
            0.5529999732971191
        ]
    ],
    "average_accuracy": [
        0.5529999732971191,
        0.2839999794960022,
        0.17233334481716156,
        0.15649999678134918,
        0.11020000278949738,
        0.09999999403953552,
        0.08642857521772385,
        0.07062499970197678,
        0.06666667014360428,
        0.055299997329711914
    ],
    "average_incremental_accuracy": [
        0.5529999732971191,
        0.41849997639656067,
        0.3364444077014923,
        0.2914583086967468,
        0.2552066445350647,
        0.2293388843536377,
        0.2089231163263321,
        0.1916358470916748,
        0.1777503937482834,
        0.16550534963607788
    ],
    "forgetting_measure": [
        0.0,
        0.5519999861717224,
        0.559999942779541,
        0.5453333258628845,
        0.565500020980835,
        0.5623999834060669,
        0.5686666369438171,
        0.5738571286201477,
        0.5727499723434448,
        0.5757777690887451
    ],
    "backward_transfer": [
        0.0,
        -0.5519999861717224,
        -0.559999942779541,
        -0.5453333258628845,
        -0.5654999613761902,
        -0.5623999834060669,
        -0.5686666369438171,
        -0.5738571286201477,
        -0.5727499723434448,
        -0.5757777690887451
    ]
}