{
    "average_accuracy_mean": [
        83.0,
        73.39999389648438,
        62.5333366394043,
        58.75
    ],
    "average_accuracy_std": [
        0.0,
        0.0,
        0.0,
        0.0
    ],
    "average_incremental_accuracy_mean": [
        83.0,
        78.19999694824219,
        72.97777557373047,
        69.42083740234375
    ],
    "average_incremental_accuracy_std": [
        0.0,
        0.0,
        0.0,
        0.0
    ],
    "forgetting_measure_mean": [
        0.0,
        26.400001525878906,
        32.0,
        32.133331298828125
    ],
    "forgetting_measure_std": [
        0.0,
        0.0,
        0.0,
        0.0
    ],
    "backward_transfer_mean": [
        0.0,
        -26.400001525878906,
        -32.0,
        -32.13333511352539
    ],
    "backward_transfer_std": [
        0.0,
        0.0,
        0.0,
        0.0
    ]
}