{
    "average_accuracy_mean": [
        81.15999603271484,
        69.16000366210938,
        57.68000411987305,
        55.17000198364258
    ],
    "average_accuracy_std": [
        4.2974419593811035,
        3.2067131996154785,
        6.865112781524658,
        3.8582065105438232
    ],
    "average_incremental_accuracy_mean": [
        81.15999603271484,
        75.16000366210938,
        69.33332824707031,
        65.79249572753906
    ],
    "average_incremental_accuracy_std": [
        4.2974419593811035,
        3.4827115535736084,
        4.092580318450928,
        3.5867910385131836
    ],
    "forgetting_measure_mean": [
        0.0,
        25.799999237060547,
        36.26000213623047,
        37.813331604003906
    ],
    "forgetting_measure_std": [
        0.0,
        5.8617377281188965,
        5.562641620635986,
        4.3707098960876465
    ],
    "backward_transfer_mean": [
        0.0,
        -25.799999237060547,
        -36.26000213623047,
        -37.813331604003906
    ],
    "backward_transfer_std": [
        0.0,
        5.8617377281188965,
        5.562641620635986,
        4.370710372924805
    ]
}