{
    "average_accuracy_mean": [
        67.30000305175781,
        64.44999694824219,
        62.6916618347168,
        59.46875,
        58.18499755859375,
        55.69166946411133,
        55.378570556640625,
        54.58124923706055,
        53.70277786254883,
        52.724998474121094,
        53.12273025512695,
        52.618751525878906,
        52.240379333496094
    ],
    "average_accuracy_std": [
        7.399136543273926,
        8.072199821472168,
        6.101767063140869,
        4.597161769866943,
        4.925671577453613,
        3.7855920791625977,
        2.965705394744873,
        2.1016485691070557,
        2.1235034465789795,
        2.085831880569458,
        1.6372472047805786,
        0.9342820048332214,
        1.6482524871826172
    ],
    "average_incremental_accuracy_mean": [
        67.30000305175781,
        65.875,
        64.81388854980469,
        63.47760009765625,
        62.41908645629883,
        61.2978515625,
        60.452239990234375,
        59.71836471557617,
        59.049964904785156,
        58.4174690246582,
        57.936134338378906,
        57.493011474609375,
        57.088966369628906
    ],
    "average_incremental_accuracy_std": [
        7.399136543273926,
        7.417193412780762,
        6.751858711242676,
        5.984528541564941,
        5.447697162628174,
        4.95896053314209,
        4.567760467529297,
        4.156357288360596,
        3.794550895690918,
        3.463646650314331,
        3.135559558868408,
        2.8425633907318115,
        2.528710126876831
    ],
    "forgetting_measure_mean": [
        0.0,
        8.675000190734863,
        7.474999904632568,
        10.733332633972168,
        11.612500190734863,
        13.860000610351562,
        13.737500190734863,
        14.689287185668945,
        15.78125,
        16.883333206176758,
        16.392498016357422,
        16.388635635375977,
        16.241666793823242
    ],
    "forgetting_measure_std": [
        0.0,
        5.939568519592285,
        4.168666362762451,
        4.206623077392578,
        3.1529033184051514,
        3.5529956817626953,
        1.9181807041168213,
        1.6160732507705688,
        1.7034355401992798,
        1.6331403255462646,
        1.5892891883850098,
        1.1097102165222168,
        1.8436473608016968
    ],
    "backward_transfer_mean": [
        0.0,
        -8.675000190734863,
        -7.474999904632568,
        -10.733332633972168,
        -11.587499618530273,
        -13.760000228881836,
        -13.654167175292969,
        -14.617856979370117,
        -15.662500381469727,
        -16.77777671813965,
        -16.27750015258789,
        -16.28409194946289,
        -16.14583396911621
    ],
    "backward_transfer_std": [
        0.0,
        5.939568519592285,
        4.168666362762451,
        4.206623077392578,
        3.157360315322876,
        3.68418550491333,
        1.8717615604400635,
        1.5733259916305542,
        1.7435271739959717,
        1.6671810150146484,
        1.5338972806930542,
        1.085595726966858,
        1.87348210811615
    ],
    "average_final_accuracy": [
        52.88461685180664,
        52.61538314819336,
        49.67307662963867,
        54.94230651855469,
        51.096153259277344,
        54.346153259277344,
        52.596153259277344,
        50.57692337036133,
        51.11538314819336,
        52.55769348144531
    ]
}