{
    "accuracy_matrix": [
        [
            0.6399999856948853,
            0.0,
            0.0,
            0.0,
            0.0,
            0.0,
            0.0,
            0.0,
            0.0,
            0.0
        ],
        [
            0.0,
            0.6769999861717224,
            0.0,
            0.0,
            0.0,
            0.0,
            0.0,
            0.0,
            0.0,
            0.0
        ],
        [
            0.0,
            0.0,
            0.6470000147819519,
            0.0,
            0.0,
            0.0,
            0.0,
            0.0,
            0.0,
            0.0
        ],
        [
            0.0,
            0.0,
            0.0,
            0.7749999761581421,
            0.0,
            0.0,
            0.0,
            0.0,
            0.0,
            0.0
        ],
        [
            0.0,
            0.0,
            0.0,
            0.0,
            0.6790000200271606,
            0.0,
            0.0,
            0.0,
            0.0,
            0.0
        ],
        [
            0.0,
            0.0,
            0.0,
            0.0,
            0.0,
            0.7279999852180481,
            0.0,
            0.0,
            0.0,
            0.0
        ],
        [
            0.0,
            0.0,
            0.0,
            0.0,
            0.0,
            0.0,
            0.7369999885559082,
            0.0,
            0.0,
            0.0
        ],
        [
            0.0,
            0.0,
            0.0,
            0.0,
            0.0,
            0.0,
            0.0,
            0.7020000219345093,
            0.0,
            0.0
        ],
        [
            0.0,
            0.0,
            0.0,
            0.0,
            0.0,
            0.0,
            0.0,
            0.0,
            0.7409999966621399,
            0.0
        ],
        [
            0.0,
            0.0,
            0.0,
            0.0,
            0.0,
            0.0,
            0.0,
            0.0,
            0.0,
            0.7120000123977661
        ]
    ],
    "average_accuracy": [
        0.6399999856948853,
        0.3384999930858612,
        0.21566666662693024,
        0.19374999403953552,
        0.13580000400543213,
        0.12133333086967468,
        0.10528571158647537,
        0.08775000274181366,
        0.08233333379030228,
        0.07119999825954437
    ],
    "average_incremental_accuracy": [
        0.6399999856948853,
        0.4892500042915344,
        0.3980555534362793,
        0.34697917103767395,
        0.30474334955215454,
        0.2741750180721283,
        0.2500479817390442,
        0.22976072132587433,
        0.2133799046278,
        0.19916191697120667
    ],
    "forgetting_measure": [
        0.0,
        0.6399999856948853,
        0.6584999561309814,
        0.6546666622161865,
        0.684749960899353,
        0.6836000084877014,
        0.6909999847412109,
        0.6975713968276978,
        0.6981250047683716,
        0.7028889060020447
    ],
    "backward_transfer": [
        0.0,
        -0.6399999856948853,
        -0.6584999561309814,
        -0.6546666622161865,
        -0.684749960899353,
        -0.6835999488830566,
        -0.6909999847412109,
        -0.6975713968276978,
        -0.6981250047683716,
        -0.7028889060020447
    ]
}