{
    "average_accuracy_mean": [
        82.19999694824219,
        69.0,
        65.13333129882812,
        60.95000076293945
    ],
    "average_accuracy_std": [
        0.0,
        0.0,
        0.0,
        0.0
    ],
    "average_incremental_accuracy_mean": [
        82.19999694824219,
        75.5999984741211,
        72.1111068725586,
        69.32083129882812
    ],
    "average_incremental_accuracy_std": [
        0.0,
        0.0,
        0.0,
        0.0
    ],
    "forgetting_measure_mean": [
        0.0,
        28.599998474121094,
        30.299999237060547,
        32.33333206176758
    ],
    "forgetting_measure_std": [
        0.0,
        0.0,
        0.0,
        0.0
    ],
    "backward_transfer_mean": [
        0.0,
        -28.599998474121094,
        -30.299999237060547,
        -32.33333206176758
    ],
    "backward_transfer_std": [
        0.0,
        0.0,
        0.0,
        0.0
    ]
}