{
    "average_accuracy_mean": [
        92.19999694824219,
        83.3499984741211,
        79.36666107177734,
        75.69999694824219,
        72.44000244140625,
        69.19999694824219,
        66.53572082519531,
        67.375,
        63.96666717529297,
        63.855003356933594,
        63.2090950012207,
        61.570838928222656,
        59.95769119262695,
        59.767860412597656,
        61.07999801635742,
        61.64374923706055,
        59.12647247314453,
        57.974998474121094,
        58.757896423339844,
        57.849998474121094,
        57.2023811340332,
        57.8340950012207,
        56.206520080566406,
        57.474998474121094,
        57.14599609375
    ],
    "average_accuracy_std": [
        4.6439924240112305,
        5.262814998626709,
        3.6335208415985107,
        6.293790817260742,
        4.485085964202881,
        4.4929986000061035,
        3.7301642894744873,
        4.07556676864624,
        4.757291793823242,
        5.227621078491211,
        4.726602554321289,
        4.160693168640137,
        3.7053475379943848,
        3.646211624145508,
        2.3455350399017334,
        3.4731485843658447,
        3.7123615741729736,
        3.660147190093994,
        3.224917411804199,
        3.778594970703125,
        4.105381011962891,
        4.079164505004883,
        2.206857919692993,
        2.5757391452789307,
        2.411620855331421
    ],
    "average_incremental_accuracy_mean": [
        92.19999694824219,
        87.7750015258789,
        84.97221374511719,
        82.65415954589844,
        80.61133575439453,
        78.70944213867188,
        76.97034454345703,
        75.77091979980469,
        74.45933532714844,
        73.39891052246094,
        72.4725570678711,
        71.56407928466797,
        70.67127990722656,
        69.89247131347656,
        69.30496978759766,
        68.82614135742188,
        68.25557708740234,
        67.68443298339844,
        67.21461486816406,
        66.74638366699219,
        66.29190826416016,
        65.90745544433594,
        65.48567962646484,
        65.15190124511719,
        64.8316650390625
    ],
    "average_incremental_accuracy_std": [
        4.6439924240112305,
        4.144859790802002,
        3.364539384841919,
        3.2983827590942383,
        3.2917511463165283,
        3.1228060722351074,
        3.0560333728790283,
        3.070688247680664,
        2.755296468734741,
        2.56147837638855,
        2.560161590576172,
        2.427354335784912,
        2.2390599250793457,
        2.213563919067383,
        2.0266273021698,
        1.9185501337051392,
        1.9030301570892334,
        1.7317012548446655,
        1.6021910905838013,
        1.5279998779296875,
        1.4907557964324951,
        1.4327335357666016,
        1.3772861957550049,
        1.3153740167617798,
        1.255165934562683
    ],
    "forgetting_measure_mean": [
        0.0,
        19.049999237060547,
        19.725000381469727,
        22.350000381469727,
        25.462499618530273,
        28.389999389648438,
        30.741668701171875,
        29.2785701751709,
        32.599998474121094,
        32.57222366333008,
        32.97999954223633,
        34.495452880859375,
        35.98749923706055,
        35.9461555480957,
        34.44643020629883,
        33.810001373291016,
        36.428123474121094,
        37.37941360473633,
        36.42777633666992,
        37.32368469238281,
        37.997501373291016,
        37.238094329833984,
        38.961360931396484,
        37.417388916015625,
        37.58124923706055
    ],
    "forgetting_measure_std": [
        0.0,
        9.679445266723633,
        4.647953510284424,
        7.536106109619141,
        5.214846134185791,
        5.674200534820557,
        4.771224498748779,
        4.956093788146973,
        5.94383430480957,
        6.046122074127197,
        5.488837718963623,
        4.846232891082764,
        4.460779666900635,
        4.1449809074401855,
        2.966806173324585,
        3.196450710296631,
        3.6826725006103516,
        3.972014904022217,
        3.4411120414733887,
        3.9959399700164795,
        3.9830446243286133,
        4.23019552230835,
        2.367518901824951,
        2.3082149028778076,
        2.686978816986084
    ],
    "backward_transfer_mean": [
        0.0,
        -19.049999237060547,
        -19.725000381469727,
        -22.350000381469727,
        -25.462499618530273,
        -28.389999389648438,
        -30.741668701171875,
        -29.2785701751709,
        -32.599998474121094,
        -32.57222366333008,
        -32.97999954223633,
        -34.495452880859375,
        -35.98749923706055,
        -35.9461555480957,
        -34.44643020629883,
        -33.810001373291016,
        -36.428123474121094,
        -37.37941360473633,
        -36.42777633666992,
        -37.32368469238281,
        -37.997501373291016,
        -37.238094329833984,
        -38.961360931396484,
        -37.417388916015625,
        -37.58124923706055
    ],
    "backward_transfer_std": [
        0.0,
        9.679445266723633,
        4.647953510284424,
        7.536106109619141,
        5.214846134185791,
        5.674200534820557,
        4.771224498748779,
        4.956093788146973,
        5.94383430480957,
        6.046122074127197,
        5.488837718963623,
        4.846232891082764,
        4.460779666900635,
        4.1449809074401855,
        2.966806173324585,
        3.196450710296631,
        3.6826725006103516,
        3.972014904022217,
        3.4411120414733887,
        3.9959399700164795,
        3.9830446243286133,
        4.23019552230835,
        2.367518901824951,
        2.3082149028778076,
        2.686978816986084
    ],
    "average_final_accuracy": [
        60.31999969482422,
        53.060001373291016,
        55.279998779296875,
        58.41999816894531,
        59.900001525878906,
        54.29999923706055,
        57.02000045776367,
        58.91999816894531,
        56.220001220703125,
        58.02000045776367
    ]
}