{
    "average_accuracy_mean": [
        44.275001525878906,
        48.265625,
        43.849998474121094,
        40.103126525878906
    ],
    "average_accuracy_std": [
        14.049212455749512,
        10.542997360229492,
        7.477318286895752,
        2.5875532627105713
    ],
    "average_incremental_accuracy_mean": [
        44.275001525878906,
        46.27031326293945,
        45.463539123535156,
        44.123435974121094
    ],
    "average_incremental_accuracy_std": [
        14.049212455749512,
        9.946166038513184,
        7.757506847381592,
        5.952882289886475
    ],
    "forgetting_measure_mean": [
        0.0,
        10.818750381469727,
        12.803125381469727,
        15.431249618530273
    ],
    "forgetting_measure_std": [
        0.0,
        4.6015214920043945,
        4.698668479919434,
        3.6990764141082764
    ],
    "backward_transfer_mean": [
        0.0,
        -10.818750381469727,
        -12.803125381469727,
        -15.431249618530273
    ],
    "backward_transfer_std": [
        0.0,
        4.6015214920043945,
        4.698668479919434,
        3.6990764141082764
    ],
    "average_final_accuracy": [
        41.375,
        36.015625,
        41.921875,
        40.515625,
        44.578125,
        38.671875,
        41.734375,
        41.0625,
        37.421875,
        37.734375
    ]
}