{
    "average_accuracy_mean": [
        84.36000061035156,
        71.85000610351562,
        63.81333541870117,
        58.209999084472656
    ],
    "average_accuracy_std": [
        4.140639305114746,
        2.4368693828582764,
        2.5305635929107666,
        2.9487104415893555
    ],
    "average_incremental_accuracy_mean": [
        84.36000061035156,
        78.10499572753906,
        73.34111022949219,
        69.55833435058594
    ],
    "average_incremental_accuracy_std": [
        4.140639305114746,
        2.2297794818878174,
        1.242758870124817,
        0.7910650968551636
    ],
    "forgetting_measure_mean": [
        0.0,
        26.200000762939453,
        31.600000381469727,
        36.03333282470703
    ],
    "forgetting_measure_std": [
        0.0,
        5.90216588973999,
        4.007770538330078,
        4.44002628326416
    ],
    "backward_transfer_mean": [
        0.0,
        -26.200000762939453,
        -31.600000381469727,
        -36.03333282470703
    ],
    "backward_transfer_std": [
        0.0,
        5.90216588973999,
        4.007770538330078,
        4.440025806427002
    ],
    "average_final_accuracy": [
        55.25,
        62.20000457763672,
        62.25,
        58.64999771118164,
        57.599998474121094,
        55.69999694824219,
        55.55000305175781,
        62.150001525878906,
        55.650001525878906,
        57.099998474121094
    ]
}