{
    "average_accuracy_mean": [
        82.19999694824219,
        66.89999389648438,
        61.93333435058594,
        55.30000305175781
    ],
    "average_accuracy_std": [
        0.0,
        0.0,
        0.0,
        0.0
    ],
    "average_incremental_accuracy_mean": [
        82.19999694824219,
        74.54999542236328,
        70.34444427490234,
        66.58332824707031
    ],
    "average_incremental_accuracy_std": [
        0.0,
        0.0,
        0.0,
        0.0
    ],
    "forgetting_measure_mean": [
        0.0,
        29.599998474121094,
        30.799997329711914,
        39.599998474121094
    ],
    "forgetting_measure_std": [
        0.0,
        0.0,
        0.0,
        0.0
    ],
    "backward_transfer_mean": [
        0.0,
        -29.599998474121094,
        -30.799997329711914,
        -39.599998474121094
    ],
    "backward_transfer_std": [
        0.0,
        0.0,
        0.0,
        0.0
    ]
}