{
    "average_accuracy_mean": [
        81.1500015258789,
        79.2750015258789,
        78.94999694824219,
        78.3125,
        76.19999694824219,
        75.25000762939453,
        74.57142639160156,
        74.58125305175781,
        74.72222137451172,
        74.65000915527344,
        74.33636474609375,
        73.88748931884766,
        73.23077392578125,
        72.84642028808594,
        71.99666595458984,
        71.6156234741211,
        71.23529052734375,
        70.3388900756836,
        70.27894592285156,
        70.27249908447266,
        70.11904907226562,
        70.25227355957031,
        70.56739807128906,
        69.5625,
        70.14600372314453
    ],
    "average_accuracy_std": [
        8.634716987609863,
        5.159201622009277,
        3.203056573867798,
        4.810740947723389,
        4.438717842102051,
        4.2408223152160645,
        3.3976776599884033,
        3.0630030632019043,
        1.855366587638855,
        2.0476269721984863,
        1.8976571559906006,
        2.290196180343628,
        2.1441311836242676,
        2.004816770553589,
        1.4938926696777344,
        1.6199876070022583,
        1.8797982931137085,
        1.9629539251327515,
        2.65388822555542,
        2.1757652759552,
        1.9440714120864868,
        1.7882472276687622,
        1.7137781381607056,
        2.8259711265563965,
        2.0292980670928955
    ],
    "average_incremental_accuracy_mean": [
        81.1500015258789,
        80.2125015258789,
        79.79167175292969,
        79.421875,
        78.77750396728516,
        78.18958282470703,
        77.6727066040039,
        77.28627014160156,
        77.00138092041016,
        76.76624298095703,
        76.54533386230469,
        76.3238525390625,
        76.08592224121094,
        75.85453033447266,
        75.59734344482422,
        75.3484878540039,
        75.10652923583984,
        74.84165954589844,
        74.60151672363281,
        74.38507080078125,
        74.18192291259766,
        74.00330352783203,
        73.85391235351562,
        73.67510986328125,
        73.53394317626953
    ],
    "average_incremental_accuracy_std": [
        8.634716987609863,
        5.941277980804443,
        4.458910942077637,
        4.115645885467529,
        3.8483924865722656,
        3.5438923835754395,
        3.239821434020996,
        3.060520887374878,
        2.819403648376465,
        2.5610435009002686,
        2.3607945442199707,
        2.2044496536254883,
        2.0581235885620117,
        1.9655617475509644,
        1.8331152200698853,
        1.6984138488769531,
        1.610856294631958,
        1.528421401977539,
        1.4735536575317383,
        1.4062353372573853,
        1.3536607027053833,
        1.3191065788269043,
        1.2627829313278198,
        1.2135705947875977,
        1.1729923486709595
    ],
    "forgetting_measure_mean": [
        0.0,
        1.9500000476837158,
        3.575000047683716,
        5.0833330154418945,
        6.949999809265137,
        8.34999942779541,
        8.508333206176758,
        8.864286422729492,
        8.475000381469727,
        8.433332443237305,
        9.395000457763672,
        9.7590913772583,
        10.033333778381348,
        10.061538696289062,
        11.378571510314941,
        11.706666946411133,
        11.909375190734863,
        12.788235664367676,
        13.102777481079102,
        13.423685073852539,
        13.539999008178711,
        13.538095474243164,
        13.029545783996582,
        14.145650863647461,
        13.460416793823242
    ],
    "forgetting_measure_std": [
        0.0,
        1.9642640352249146,
        2.5469207763671875,
        3.5989110469818115,
        3.4456090927124023,
        2.447334051132202,
        2.638289213180542,
        2.0986039638519287,
        1.8708751201629639,
        1.912668228149414,
        2.4778406620025635,
        2.1088438034057617,
        2.1621034145355225,
        1.9672867059707642,
        2.248847007751465,
        2.4061033725738525,
        2.894838333129883,
        2.792269706726074,
        3.6393494606018066,
        2.9342191219329834,
        2.5345723628997803,
        2.139744758605957,
        1.8253347873687744,
        2.655320882797241,
        2.067356586456299
    ],
    "backward_transfer_mean": [
        0.0,
        -1.9500000476837158,
        -2.924999952316284,
        -4.2166666984558105,
        -6.112500190734863,
        -7.430000305175781,
        -7.6333327293396,
        -7.978571891784668,
        -7.556250095367432,
        -7.5611114501953125,
        -8.46500015258789,
        -8.86363697052002,
        -9.162500381469727,
        -9.215385437011719,
        -10.38928508758545,
        -10.773332595825195,
        -10.978124618530273,
        -11.864706039428711,
        -12.186111450195312,
        -12.497367858886719,
        -12.632499694824219,
        -12.602380752563477,
        -12.095454216003418,
        -13.163043022155762,
        -12.475000381469727
    ],
    "backward_transfer_std": [
        0.0,
        1.9642640352249146,
        3.564972400665283,
        4.111148834228516,
        4.082674503326416,
        2.357046127319336,
        2.6458096504211426,
        2.0214412212371826,
        1.8210883140563965,
        1.953234076499939,
        2.6675050258636475,
        2.188541889190674,
        2.0478882789611816,
        1.8188146352767944,
        2.275862455368042,
        2.406205892562866,
        2.6882691383361816,
        2.746994972229004,
        3.519421339035034,
        2.7814197540283203,
        2.365699529647827,
        2.047989845275879,
        1.8845160007476807,
        2.7937064170837402,
        2.1263792514801025
    ],
    "average_final_accuracy": [
        68.9800033569336,
        72.83999633789062,
        71.58000183105469,
        67.87999725341797,
        71.9800033569336,
        70.69999694824219,
        66.55999755859375,
        69.73999786376953,
        72.04000091552734,
        69.16000366210938
    ]
}