{
    "accuracy_matrix": [
        [
            0.6837000250816345
        ]
    ],
    "average_accuracy": [
        0.6837000250816345
    ],
    "average_incremental_accuracy": [
        0.6837000250816345
    ],
    "forgetting_measure": [
        0.0
    ],
    "backward_transfer": [
        0.0
    ]
}