{
    "accuracy_matrix": [
        [
            0.5569999814033508,
            0.0,
            0.0,
            0.0,
            0.0,
            0.0,
            0.0,
            0.0,
            0.0,
            0.0
        ],
        [
            0.0,
            0.5490000247955322,
            0.0,
            0.0,
            0.0,
            0.0,
            0.0,
            0.0,
            0.0,
            0.0
        ],
        [
            0.0,
            0.0,
            0.5099999904632568,
            0.0020000000949949026,
            0.0,
            0.0,
            0.0,
            0.0,
            0.0,
            0.0
        ],
        [
            0.0,
            0.0,
            0.0,
            0.6069999933242798,
            0.0,
            0.0,
            0.0,
            0.0,
            0.0,
            0.0
        ],
        [
            0.0,
            0.0,
            0.0,
            0.0,
            0.5419999957084656,
            0.0010000000474974513,
            0.0,
            0.0,
            0.0,
            0.0
        ],
        [
            0.0,
            0.0,
            0.0,
            0.0,
            0.0,
            0.593999981880188,
            0.0,
            0.0,
            0.0,
            0.0
        ],
        [
            0.0,
            0.0,
            0.0,
            0.0,
            0.0,
            0.0,
            0.5820000171661377,
            0.0010000000474974513,
            0.0,
            0.0
        ],
        [
            0.0,
            0.0,
            0.0,
            0.0,
            0.0,
            0.0,
            0.0,
            0.5580000281333923,
            0.0,
            0.0
        ],
        [
            0.0,
            0.0,
            0.0,
            0.0,
            0.0,
            0.0,
            0.0,
            0.0,
            0.5809999704360962,
            0.0
        ],
        [
            0.0,
            0.0,
            0.0,
            0.0,
            0.0,
            0.0,
            0.0,
            0.0,
            0.0,
            0.5429999828338623
        ]
    ],
    "average_accuracy": [
        0.5569999814033508,
        0.2745000123977661,
        0.17000000178813934,
        0.1522499918937683,
        0.10840000212192535,
        0.09916666150093079,
        0.08314286172389984,
        0.06987500190734863,
        0.06455555558204651,
        0.05429999902844429
    ],
    "average_incremental_accuracy": [
        0.5569999814033508,
        0.41574999690055847,
        0.33383333683013916,
        0.28843748569488525,
        0.2524300217628479,
        0.2268861085176468,
        0.2063513547182083,
        0.1892918050289154,
        0.1754322350025177,
        0.16331899166107178
    ],
    "forgetting_measure": [
        0.0,
        0.5569999814033508,
        0.5529999732971191,
        0.5379999876022339,
        0.5557500123977661,
        0.5527999997138977,
        0.5598333477973938,
        0.5628571510314941,
        0.562375009059906,
        0.5644444227218628
    ],
    "backward_transfer": [
        0.0,
        -0.5569999814033508,
        -0.5529999732971191,
        -0.5379999876022339,
        -0.5557500123977661,
        -0.5527999997138977,
        -0.5598333477973938,
        -0.5628572106361389,
        -0.562375009059906,
        -0.5644444227218628
    ]
}