{
    "accuracy_matrix": [
        [
            1.0,
            0.6299999952316284,
            0.5724999904632568,
            0.6025000214576721,
            0.5525000095367432
        ],
        [
            0.0,
            0.5924999713897705,
            0.5199999809265137,
            0.41499999165534973,
            0.42750000953674316
        ],
        [
            0.0,
            0.0,
            0.03500000014901161,
            0.017500000074505806,
            0.10750000178813934
        ],
        [
            0.0,
            0.0,
            0.0,
            0.07249999791383743,
            0.05999999865889549
        ],
        [
            0.0,
            0.0,
            0.0,
            0.0,
            0.017543859779834747
        ]
    ],
    "average_accuracy": [
        1.0,
        0.6112499833106995,
        0.37583330273628235,
        0.27687501907348633,
        0.23300877213478088
    ],
    "average_incremental_accuracy": [
        1.0,
        0.8056249618530273,
        0.6623610854148865,
        0.5659895539283752,
        0.49939340353012085
    ],
    "forgetting_measure": [
        0.0,
        0.3700000047683716,
        0.25,
        0.19749999046325684,
        0.1562499850988388
    ],
    "backward_transfer": [
        0.0,
        -0.3700000047683716,
        -0.25,
        -0.19749997556209564,
        -0.1381249874830246
    ]
}