{
    "average_accuracy_mean": [
        98.97905731201172,
        89.41392517089844,
        89.2366714477539,
        84.59628295898438,
        80.66891479492188
    ],
    "average_accuracy_std": [
        1.1990886926651,
        8.995086669921875,
        5.880474090576172,
        7.267916202545166,
        8.967732429504395
    ],
    "average_incremental_accuracy_mean": [
        98.97905731201172,
        94.19649505615234,
        92.54322814941406,
        90.55648803710938,
        88.5789794921875
    ],
    "average_incremental_accuracy_std": [
        1.1990886926651,
        4.594632625579834,
        4.2960920333862305,
        2.735978841781616,
        2.3368947505950928
    ],
    "forgetting_measure_mean": [
        0.0,
        19.524433135986328,
        14.762796401977539,
        19.204641342163086,
        22.822895050048828
    ],
    "forgetting_measure_std": [
        0.0,
        18.229717254638672,
        9.041060447692871,
        10.003984451293945,
        11.141263008117676
    ],
    "backward_transfer_mean": [
        0.0,
        -19.524433135986328,
        -14.762796401977539,
        -19.204641342163086,
        -22.822895050048828
    ],
    "backward_transfer_std": [
        0.0,
        18.229717254638672,
        9.041060447692871,
        10.003984451293945,
        11.141263008117676
    ],
    "average_final_accuracy": [
        83.97346496582031,
        86.63542175292969,
        78.9516830444336,
        95.34075164794922,
        71.12370300292969,
        92.76827239990234,
        79.09172821044922,
        77.9718246459961,
        69.53707122802734,
        71.29523468017578
    ]
}