{
    "average_accuracy_mean": [
        99.67697143554688,
        86.7745361328125,
        71.26464080810547,
        75.5000991821289,
        58.39775848388672
    ],
    "average_accuracy_std": [
        0.0,
        0.0,
        0.0,
        0.0,
        0.0
    ],
    "average_incremental_accuracy_mean": [
        99.67697143554688,
        93.22575378417969,
        85.90538787841797,
        83.30406188964844,
        78.32279968261719
    ],
    "average_incremental_accuracy_std": [
        0.0,
        0.0,
        0.0,
        0.0,
        0.0
    ],
    "forgetting_measure_mean": [
        0.0,
        25.980613708496094,
        42.81763458251953,
        32.296085357666016,
        51.72496032714844
    ],
    "forgetting_measure_std": [
        0.0,
        0.0,
        0.0,
        0.0,
        0.0
    ],
    "backward_transfer_mean": [
        0.0,
        -25.980613708496094,
        -42.81763458251953,
        -32.296085357666016,
        -51.72496032714844
    ],
    "backward_transfer_std": [
        0.0,
        0.0,
        0.0,
        0.0,
        0.0
    ],
    "average_final_accuracy": [
        58.39775848388672
    ]
}