{
    "average_accuracy_mean": [
        99.858154296875,
        98.33720397949219,
        91.89856719970703,
        83.42166137695312,
        85.0294189453125
    ],
    "average_accuracy_std": [
        0.0,
        0.0,
        0.0,
        0.0,
        0.0
    ],
    "average_incremental_accuracy_mean": [
        99.858154296875,
        99.0976791381836,
        96.6979751586914,
        93.37889862060547,
        91.70899963378906
    ],
    "average_incremental_accuracy_std": [
        0.0,
        0.0,
        0.0,
        0.0,
        0.0
    ],
    "forgetting_measure_mean": [
        0.0,
        1.8439712524414062,
        11.127830505371094,
        21.20895004272461,
        17.796615600585938
    ],
    "forgetting_measure_std": [
        0.0,
        0.0,
        0.0,
        0.0,
        0.0
    ],
    "backward_transfer_mean": [
        0.0,
        -1.8439712524414062,
        -11.127830505371094,
        -21.20895004272461,
        -17.796615600585938
    ],
    "backward_transfer_std": [
        0.0,
        0.0,
        0.0,
        0.0,
        0.0
    ],
    "average_final_accuracy": [
        85.0294189453125
    ]
}