{
    "average_accuracy_mean": [
        99.46105194091797,
        97.83143615722656,
        88.22509002685547,
        90.7916259765625,
        84.33460235595703
    ],
    "average_accuracy_std": [
        0.0,
        0.0,
        0.0,
        0.0,
        0.0
    ],
    "average_incremental_accuracy_mean": [
        99.46105194091797,
        98.646240234375,
        95.17252349853516,
        94.07730102539062,
        92.1287612915039
    ],
    "average_incremental_accuracy_std": [
        0.0,
        0.0,
        0.0,
        0.0,
        0.0
    ],
    "forgetting_measure_mean": [
        0.0,
        3.2827072143554688,
        17.08788299560547,
        11.616790771484375,
        18.777828216552734
    ],
    "forgetting_measure_std": [
        0.0,
        0.0,
        0.0,
        0.0,
        0.0
    ],
    "backward_transfer_mean": [
        0.0,
        -3.2827072143554688,
        -17.08788299560547,
        -11.616790771484375,
        -18.777828216552734
    ],
    "backward_transfer_std": [
        0.0,
        0.0,
        0.0,
        0.0,
        0.0
    ],
    "average_final_accuracy": [
        84.33460235595703
    ]
}