{
    "average_accuracy_mean": [
        99.2806625366211,
        90.73799133300781,
        83.56975555419922,
        83.54547119140625,
        82.1400375366211
    ],
    "average_accuracy_std": [
        0.38607868552207947,
        6.796912670135498,
        11.278141021728516,
        9.03570556640625,
        6.106674671173096
    ],
    "average_incremental_accuracy_mean": [
        99.2806625366211,
        95.00932312011719,
        91.1961441040039,
        89.28347778320312,
        87.85478210449219
    ],
    "average_incremental_accuracy_std": [
        0.38607868552207947,
        3.3531103134155273,
        5.1204118728637695,
        5.596551418304443,
        5.573622703552246
    ],
    "forgetting_measure_mean": [
        0.0,
        17.291311264038086,
        23.731952667236328,
        21.152488708496094,
        21.618757247924805
    ],
    "forgetting_measure_std": [
        0.0,
        13.776382446289062,
        17.04037857055664,
        12.118219375610352,
        7.667008876800537
    ],
    "backward_transfer_mean": [
        0.0,
        -17.291311264038086,
        -23.731952667236328,
        -21.152488708496094,
        -21.618757247924805
    ],
    "backward_transfer_std": [
        0.0,
        13.776382446289062,
        17.04037857055664,
        12.118219375610352,
        7.667008399963379
    ],
    "average_final_accuracy": [
        75.17069244384766,
        70.92555236816406,
        88.2083740234375,
        85.56541442871094,
        82.14258575439453,
        75.56792449951172,
        84.65272521972656,
        83.93334197998047,
        87.70120239257812,
        87.53263854980469
    ]
}