{
    "average_accuracy_mean": [
        99.16584777832031,
        94.16738891601562,
        95.50435638427734,
        91.32971954345703,
        85.10391235351562
    ],
    "average_accuracy_std": [
        0.0,
        0.0,
        0.0,
        0.0,
        0.0
    ],
    "average_incremental_accuracy_mean": [
        99.16584777832031,
        96.66661834716797,
        96.2791976928711,
        95.04182434082031,
        93.05424499511719
    ],
    "average_incremental_accuracy_std": [
        0.0,
        0.0,
        0.0,
        0.0,
        0.0
    ],
    "forgetting_measure_mean": [
        0.0,
        10.353286743164062,
        5.883003234863281,
        10.68864917755127,
        17.866905212402344
    ],
    "forgetting_measure_std": [
        0.0,
        0.0,
        0.0,
        0.0,
        0.0
    ],
    "backward_transfer_mean": [
        0.0,
        -10.353286743164062,
        -5.883003234863281,
        -10.68864917755127,
        -17.866905212402344
    ],
    "backward_transfer_std": [
        0.0,
        0.0,
        0.0,
        0.0,
        0.0
    ],
    "average_final_accuracy": [
        85.10391235351562
    ]
}