{
    "average_accuracy_mean": [
        99.45327758789062,
        94.290283203125,
        87.47616577148438,
        84.72032165527344,
        85.50404357910156
    ],
    "average_accuracy_std": [
        0.0,
        0.0,
        0.0,
        0.0,
        0.0
    ],
    "average_incremental_accuracy_mean": [
        99.45327758789062,
        96.87178039550781,
        93.73990631103516,
        91.48501586914062,
        90.288818359375
    ],
    "average_incremental_accuracy_std": [
        0.0,
        0.0,
        0.0,
        0.0,
        0.0
    ],
    "forgetting_measure_mean": [
        0.0,
        10.188865661621094,
        18.042648315429688,
        19.813796997070312,
        17.541149139404297
    ],
    "forgetting_measure_std": [
        0.0,
        0.0,
        0.0,
        0.0,
        0.0
    ],
    "backward_transfer_mean": [
        0.0,
        -10.188865661621094,
        -18.042648315429688,
        -19.813796997070312,
        -17.54115104675293
    ],
    "backward_transfer_std": [
        0.0,
        0.0,
        0.0,
        0.0,
        0.0
    ],
    "average_final_accuracy": [
        85.50404357910156
    ]
}