{
    "accuracy_matrix": [
        [
            0.5230000019073486,
            0.0,
            0.0,
            0.0,
            0.0,
            0.0010000000474974513,
            0.0,
            0.09000000357627869,
            0.11999999731779099,
            0.08699999749660492
        ],
        [
            0.0,
            0.48500001430511475,
            0.0,
            0.0,
            0.0,
            0.0,
            0.003000000026077032,
            0.010999999940395355,
            0.003000000026077032,
            0.0020000000949949026
        ],
        [
            0.0,
            0.0,
            0.4729999899864197,
            0.0,
            0.0,
            0.0,
            0.006000000052154064,
            0.0,
            0.05900000035762787,
            0.0010000000474974513
        ],
        [
            0.0,
            0.0,
            0.0,
            0.5370000004768372,
            0.0,
            0.0,
            0.0,
            0.0,
            0.0,
            0.0
        ],
        [
            0.0,
            0.0,
            0.0,
            0.0,
            0.4180000126361847,
            0.0,
            0.0,
            0.004000000189989805,
            0.0010000000474974513,
            0.0
        ],
        [
            0.0,
            0.0,
            0.0,
            0.0,
            0.0,
            0.41100001335144043,
            0.0,
            0.0,
            0.0,
            0.0
        ],
        [
            0.0,
            0.0,
            0.0,
            0.0,
            0.0,
            0.0,
            0.35100001096725464,
            0.0,
            0.0,
            0.0
        ],
        [
            0.0,
            0.0,
            0.0,
            0.0,
            0.0,
            0.0,
            0.0,
            0.04699999839067459,
            0.0,
            0.0
        ],
        [
            0.0,
            0.0,
            0.0,
            0.0,
            0.0,
            0.0,
            0.0,
            0.0,
            0.0,
            0.0
        ],
        [
            0.0,
            0.0,
            0.0,
            0.0,
            0.0,
            0.0,
            0.0,
            0.0,
            0.0,
            0.125
        ]
    ],
    "average_accuracy": [
        0.5230000019073486,
        0.24250000715255737,
        0.1576666682958603,
        0.1342500001192093,
        0.0835999995470047,
        0.06866666674613953,
        0.051428575068712234,
        0.01900000125169754,
        0.02033333294093609,
        0.0215000007301569
    ],
    "average_incremental_accuracy": [
        0.5230000019073486,
        0.382750004529953,
        0.3077222406864166,
        0.2643541693687439,
        0.22820334136486053,
        0.2016138881444931,
        0.1801588386297226,
        0.16001400351524353,
        0.1444939374923706,
        0.13219454884529114
    ],
    "forgetting_measure": [
        0.0,
        0.5230000019073486,
        0.5040000081062317,
        0.4936666786670685,
        0.5045000314712524,
        0.487199991941452,
        0.47450000047683716,
        0.4568571448326111,
        0.40562501549720764,
        0.3605555593967438
    ],
    "backward_transfer": [
        0.0,
        -0.5230000019073486,
        -0.5040000081062317,
        -0.4936666488647461,
        -0.5044999718666077,
        -0.4869999885559082,
        -0.47300001978874207,
        -0.44185715913772583,
        -0.382750004529953,
        -0.35055553913116455
    ]
}