{
    "accuracy_matrix": [
        [
            0.5070000290870667,
            0.0,
            0.0,
            0.0,
            0.0,
            0.0,
            0.0,
            0.0,
            0.0,
            0.0
        ],
        [
            0.0,
            0.4959999918937683,
            0.0,
            0.0,
            0.0,
            0.0,
            0.0,
            0.0,
            0.0,
            0.0
        ],
        [
            0.0,
            0.0,
            0.4339999854564667,
            0.0,
            0.0,
            0.0,
            0.0,
            0.0,
            0.0,
            0.0
        ],
        [
            0.0,
            0.0,
            0.0,
            0.5920000076293945,
            0.0,
            0.0,
            0.0,
            0.0,
            0.0,
            0.0
        ],
        [
            0.0,
            0.0,
            0.0,
            0.0,
            0.5260000228881836,
            0.0,
            0.0,
            0.0,
            0.0,
            0.0
        ],
        [
            0.0,
            0.0,
            0.0,
            0.0,
            0.0,
            0.5299999713897705,
            0.0,
            0.0,
            0.0,
            0.0
        ],
        [
            0.0,
            0.0,
            0.0,
            0.0,
            0.0,
            0.0,
            0.574999988079071,
            0.0,
            0.0,
            0.0
        ],
        [
            0.0,
            0.0,
            0.0,
            0.0,
            0.0,
            0.0,
            0.0,
            0.4569999873638153,
            0.0,
            0.0
        ],
        [
            0.0,
            0.0,
            0.0,
            0.0,
            0.0,
            0.0,
            0.0,
            0.0,
            0.5210000276565552,
            0.0
        ],
        [
            0.0,
            0.0,
            0.0,
            0.0,
            0.0,
            0.0,
            0.0,
            0.0,
            0.0,
            0.531000018119812
        ]
    ],
    "average_accuracy": [
        0.5070000290870667,
        0.24799999594688416,
        0.1446666568517685,
        0.14800000190734863,
        0.10520000755786896,
        0.08833333104848862,
        0.08214285224676132,
        0.05712499842047691,
        0.05788889154791832,
        0.05310000106692314
    ],
    "average_incremental_accuracy": [
        0.5070000290870667,
        0.3774999976158142,
        0.29988887906074524,
        0.2619166672229767,
        0.23057334125041962,
        0.20686666667461395,
        0.18904897570610046,
        0.1725584864616394,
        0.1598174124956131,
        0.1491456925868988
    ],
    "forgetting_measure": [
        0.0,
        0.5070000290870667,
        0.5015000104904175,
        0.4790000021457672,
        0.5072500109672546,
        0.5110000371932983,
        0.5141666531562805,
        0.522857129573822,
        0.5146250128746033,
        0.515333354473114
    ],
    "backward_transfer": [
        0.0,
        -0.5070000290870667,
        -0.5015000104904175,
        -0.4790000021457672,
        -0.5072500109672546,
        -0.5110000371932983,
        -0.5141666531562805,
        -0.522857129573822,
        -0.5146250128746033,
        -0.515333354473114
    ]
}