{
    "accuracy_matrix": [
        [
            0.47200000286102295,
            0.0,
            0.0,
            0.0,
            0.0,
            0.0,
            0.0,
            0.0,
            0.0,
            0.0
        ],
        [
            0.0,
            0.47099998593330383,
            0.0,
            0.0,
            0.0,
            0.0,
            0.0,
            0.0,
            0.0,
            0.05299999937415123
        ],
        [
            0.0,
            0.0,
            0.46700000762939453,
            0.0,
            0.0,
            0.0,
            0.0,
            0.0,
            0.0,
            0.032999999821186066
        ],
        [
            0.0,
            0.0,
            0.0,
            0.578000009059906,
            0.0,
            0.0,
            0.0,
            0.0,
            0.0,
            0.0010000000474974513
        ],
        [
            0.0,
            0.0,
            0.0,
            0.0,
            0.5109999775886536,
            0.0,
            0.0,
            0.0,
            0.0,
            0.0
        ],
        [
            0.0,
            0.0,
            0.0,
            0.0,
            0.0,
            0.4699999988079071,
            0.0,
            0.0,
            0.0,
            0.0
        ],
        [
            0.0,
            0.0,
            0.0,
            0.0,
            0.0,
            0.0,
            0.5509999990463257,
            0.0,
            0.0,
            0.0
        ],
        [
            0.0,
            0.0,
            0.0,
            0.0,
            0.0,
            0.0,
            0.0,
            0.22599999606609344,
            0.0,
            0.0
        ],
        [
            0.0,
            0.0,
            0.0,
            0.0,
            0.0,
            0.0,
            0.0,
            0.0,
            0.35499998927116394,
            0.0
        ],
        [
            0.0,
            0.0,
            0.0,
            0.0,
            0.0,
            0.0,
            0.0,
            0.0,
            0.0,
            0.0
        ]
    ],
    "average_accuracy": [
        0.47200000286102295,
        0.23549999296665192,
        0.15566666424274445,
        0.1445000022649765,
        0.1021999940276146,
        0.07833333313465118,
        0.0787142887711525,
        0.02824999950826168,
        0.039444442838430405,
        0.008700000122189522
    ],
    "average_incremental_accuracy": [
        0.47200000286102295,
        0.35374999046325684,
        0.2877222001552582,
        0.25191664695739746,
        0.22197332978248596,
        0.19803333282470703,
        0.18098774552345276,
        0.1618955284357071,
        0.14828985929489136,
        0.1343308687210083
    ],
    "forgetting_measure": [
        0.0,
        0.47200000286102295,
        0.4714999794960022,
        0.4699999988079071,
        0.4970000088214874,
        0.4997999966144562,
        0.4948333203792572,
        0.5028571486473083,
        0.46825000643730164,
        0.4556666612625122
    ],
    "backward_transfer": [
        0.0,
        -0.47200000286102295,
        -0.4714999794960022,
        -0.4699999988079071,
        -0.49699997901916504,
        -0.4997999668121338,
        -0.4948333203792572,
        -0.5028571486473083,
        -0.46825000643730164,
        -0.44599997997283936
    ]
}