{
    "accuracy_matrix": [
        [
            0.5559999942779541,
            0.0,
            0.0,
            0.0,
            0.0,
            0.0,
            0.0,
            0.0,
            0.0,
            0.0
        ],
        [
            0.0,
            0.5440000295639038,
            0.0,
            0.0,
            0.0,
            0.0,
            0.0,
            0.0,
            0.0,
            0.0
        ],
        [
            0.0,
            0.0,
            0.5260000228881836,
            0.0,
            0.0,
            0.0,
            0.0,
            0.0,
            0.0,
            0.0
        ],
        [
            0.0,
            0.0,
            0.0,
            0.6140000224113464,
            0.0,
            0.0,
            0.0,
            0.0,
            0.0,
            0.0
        ],
        [
            0.0,
            0.0,
            0.0,
            0.0,
            0.5059999823570251,
            0.0,
            0.0,
            0.0,
            0.0,
            0.0
        ],
        [
            0.0,
            0.0,
            0.0,
            0.0,
            0.0,
            0.5350000262260437,
            0.0,
            0.0,
            0.0,
            0.0
        ],
        [
            0.0,
            0.0,
            0.0,
            0.0,
            0.0,
            0.0,
            0.5320000052452087,
            0.0,
            0.08100000023841858,
            0.10000000149011612
        ],
        [
            0.0,
            0.0,
            0.0,
            0.0,
            0.0,
            0.0,
            0.0,
            0.32100000977516174,
            0.019999999552965164,
            0.0
        ],
        [
            0.0,
            0.0,
            0.0,
            0.0,
            0.0,
            0.0,
            0.0,
            0.0,
            0.10199999809265137,
            0.0010000000474974513
        ],
        [
            0.0,
            0.0,
            0.0,
            0.0,
            0.0,
            0.0,
            0.0,
            0.0,
            0.0,
            0.027000000700354576
        ]
    ],
    "average_accuracy": [
        0.5559999942779541,
        0.2720000147819519,
        0.17533333599567413,
        0.1535000056028366,
        0.10119999945163727,
        0.08916667103767395,
        0.07599999755620956,
        0.04012500122189522,
        0.022555554285645485,
        0.012800000607967377
    ],
    "average_incremental_accuracy": [
        0.5559999942779541,
        0.414000004529953,
        0.33444443345069885,
        0.289208322763443,
        0.25160664319992065,
        0.2245333194732666,
        0.20331427454948425,
        0.1829156130552292,
        0.16509783267974854,
        0.14986804127693176
    ],
    "forgetting_measure": [
        0.0,
        0.5559999942779541,
        0.550000011920929,
        0.5419999957084656,
        0.5600000023841858,
        0.5491999983787537,
        0.546833336353302,
        0.5447142720222473,
        0.5167500376701355,
        0.47066667675971985
    ],
    "backward_transfer": [
        0.0,
        -0.5559999942779541,
        -0.550000011920929,
        -0.5419999957084656,
        -0.5600000023841858,
        -0.5491999983787537,
        -0.546833336353302,
        -0.5447143316268921,
        -0.5041249990463257,
        -0.45944440364837646
    ]
}